planet_radius,planet_mass,orbital_period,semi_major_axis,equilibrium_temp,planet_density,star_temp,luminosity,metallicity,star_type
1.249080237694725,7.011800968795477,74.86803860660925,1.0862553917588142,215.4264209339765,6.792632454744122,5690.811976835592,0.6443871429615335,0.07199587828359277,G
2.4014286128198323,5.407354026806792,217.2184780039649,1.0104455674964887,211.74469976799995,6.351694562583024,6186.725588765489,1.6250165934705663,0.3054323292999863,F
1.9639878836228102,3.164323401234645,349.3053885146869,0.1487199250322278,376.56364513025915,5.014702660189013,4001.871595169996,1.9947520098168452,0.26016092979015903,G
1.6973169683940732,8.156570695098791,293.1577296774149,0.748370872489697,212.38654996237653,7.692330005283532,5499.496398427996,0.15704941012584633,-0.3461000953062263,K
0.812037280884873,6.878838608283405,322.81789799671844,0.8223716756931283,217.98743153215776,2.4033216086988194,5286.9839325749945,1.8049951450027706,-0.3507505302585261,G
0.8119890406724053,1.709907699514424,263.8545633175762,0.8577632837041108,339.8495656044909,1.76484947216735,6331.321507153085,1.2829980138374504,-0.23182563225508668,K
0.6161672243363989,9.118179126489041,277.21834924262316,1.2023275015319315,262.434960612635,6.977733768687955,6624.348241925042,1.9494269764131602,-0.1389252736589628,K
2.23235229154987,8.243118704939373,339.8290649745624,1.113844838781069,344.17763923879534,4.074048716436238,3048.627085909547,0.9835180833002124,-0.0915444185915174,G
1.7022300234864176,9.503019141590048,100.61753553481519,1.2550196763075447,166.34153939109632,6.928781979449424,5696.079676235171,1.71003706808561,0.17969721683334527,K
1.916145155592091,7.2846231330447635,196.28056049361305,1.5532781969300438,271.89279841834605,7.251631436367904,3207.343196478916,0.21854873033672673,-0.4433195678341646,M
0.5411689885916049,6.172810439764319,89.2625672860213,1.6446729035605776,158.40340004582066,1.4372031553335,5195.434660309424,0.7370301951487618,-0.4653272957739336,G
2.4398197043239884,4.240606059277127,395.07953519066217,1.4644338448303393,165.66330086383863,7.1842533409024245,4150.530916174713,0.22733142172729895,-0.10808943705609098,G
2.1648852816008435,9.33401198520473,377.6796765349587,1.9154950223143759,376.6093633361028,4.138233387585956,4227.106398088565,1.953151953610234,0.19716369213798046,K
0.9246782213565523,8.674032506054044,16.731297736033852,0.1346419070850871,184.81134277939879,4.573027423029625,4411.834013809426,1.6522504238164897,-0.30656465704351743,K
0.8636499344142012,0.5476648340512752,282.5244938337597,0.47197817279873755,283.1051705688043,5.386147577652472,5485.169796198441,1.719840100367344,0.1415044812562517,G
0.8668090197068676,0.36103304752279486,370.17407864885064,0.11436946245847003,252.77390065017664,7.484678247110607,4336.199862675077,1.882133939724399,-0.24017186205970054,M
1.1084844859190754,3.826987332092691,73.04956270580608,1.3302019568937458,236.83583156471067,1.1338126610083483,5930.796202361122,0.26169662362759216,0.38608610881351635,K
1.5495128632644757,8.124477974740145,227.61014699049915,1.806258043004975,374.9583364218181,4.33790427822472,4618.109542295479,0.8326354257753333,0.3956899442666165,K
1.3638900372842315,9.87403368021795,366.2798307376287,0.5626163634949686,155.45584919387238,5.814054297013925,3273.4128012398346,0.23496628918360404,-0.2027127957186735,F
1.0824582803960838,1.589127221924929,14.544445455733738,1.8613656351129826,315.94742154389724,6.058948703887599,6135.039369936429,0.5005068929450543,-0.2700062460367595,M
1.723705789444759,5.9818940819861375,279.2706866314891,0.21450804155016562,390.84860855338763,5.847727020759756,4143.033298370824,0.5357949763715775,-0.08869602793376874,M
0.7789877213040837,3.8708194806471132,119.64225394164775,1.8754284509304773,290.0420458654605,1.941045905856853,4731.067518397051,0.9913037009903994,-0.2594684148198513,G
1.0842892970704363,9.702152538364572,369.8340819552356,0.7680831057553054,384.20561550827296,3.0957691186017686,5741.7755328876065,0.6102681181619208,0.17238384329170364,M
1.2327236865873834,8.436977339043516,388.45223982098173,0.2926995740535114,163.06446982150595,3.511008677919094,4329.824628594848,0.2918584029537461,0.3260646845482855,G
1.4121399684340719,8.399454176640266,377.76232915626014,1.0231563424540187,254.69832976854036,6.631060453756535,3226.3426245868623,0.41823306927880466,0.173092130911217,F
2.070351922786027,4.740062281970205,190.21147244632803,0.5878754786689651,215.0394477405128,2.951319106901871,4495.684188051255,0.37982357074897277,0.32435044724934947,M
0.8993475643167195,4.206713073142885,344.95501774473604,0.6412585137276533,332.70524124518244,2.474934747070422,6777.794330777214,1.9488459160333667,-0.10300783779252587,K
1.5284688768272232,2.806730012113992,337.9752100154931,0.6838509333599444,395.3242726243117,7.702136133266674,5566.937589194233,1.5426557631451,-0.34368302929113914,F
1.684829137724085,0.6581174168441785,128.32108882405902,1.6257492058820606,214.13251561106193,1.0620429957942823,5685.916594668828,1.9387467840121677,0.23795094739759215,G
0.5929008254399954,8.660751524925027,331.73727418612026,1.1244064256829835,313.5436503685186,7.984745989773847,5529.128614550559,0.9355069243650261,-0.13952549485844612,F
1.7150897038028767,8.147719990387769,15.766046251481555,0.6914846283964069,199.52440818993503,5.737749092001769,3795.9685558377473,0.6289001151590475,0.1712708252291325,G
0.8410482473745831,9.997204965532692,238.91168151433916,1.259634188290745,291.33256364290247,6.799285096143819,4673.3354564091205,1.6167570746974547,-0.22935605801823433,F
0.630103185970559,9.966704687031664,92.77352607779352,1.4606862810240677,265.98312167208405,3.062335774423352,6003.759193453273,0.7198824442781788,-0.41877036519332733,G
2.3977710745066663,5.598773885466011,49.106187425134245,0.6179856013937141,393.00133240788426,1.10020694366942,3405.4915902126368,0.6688284100401617,0.4925817954877634,M
2.4312640661491187,7.712975410287054,31.704327450054453,0.8857432928981678,302.13181817411663,6.165086629930711,4111.411104358849,0.5417613851948793,-0.3437984920694007,K
2.1167946962329225,9.453180725836038,278.81922157537775,0.3315835773402004,237.3765930217047,6.8390121790047305,4105.276433863414,0.34639005862604716,0.48842099396348104,G
1.1092275383467414,8.511509167706373,136.6101105434584,0.44418376411589255,178.52394622198335,6.183332923674634,4728.075710378024,0.5872798159318553,0.4772799325664473,F
0.6953442280127677,2.5487462072576568,290.1819418399758,1.3941239225334674,187.81170718373363,1.9999520111058702,6921.47496376874,0.7751075221003866,0.29381810390803964,G
1.8684660530243138,4.560386939569925,27.077179978778005,0.44473286062169115,206.32923248780878,6.273995455798784,3270.010186735288,1.3805889954768877,0.15942296208199758,G
1.3803049874792026,1.3786782099998005,126.80084479441352,1.0978104289674142,212.74166533507452,6.382459474753487,5074.803977522381,0.218873200216958,0.0778070502510847,G
0.7440764696895577,9.545105169861351,216.25702565775956,1.4471878972726222,362.65401446028443,5.609783609690385,3717.4587280488417,0.49996318536415163,0.3661015453778347,F
1.4903538202225404,6.101128881063712,316.49854277074644,0.3030661538800133,290.30569707063125,6.362811529569104,6882.706181638976,1.6371449165541851,-0.21056047838051206,K
0.5687770422304368,2.3635637744842812,128.1822486698959,1.1778932172949168,280.8477278435916,6.921450077744125,3453.214018909857,0.37915165480916446,-0.03231878751512296,M
2.318640804157564,6.749836775617982,250.73065919836662,0.5874692890325911,178.69221796730437,5.295228799662209,4614.404009446365,0.7510257783927908,0.11938996936650192,K
1.0175599632000338,6.219469580533168,354.5051215462387,1.9295610629514017,365.03492333735875,1.6202329977877534,5951.539939338425,1.7428519515304661,-0.08880952413050891,G
1.825044568707964,3.6458109085251214,246.72941208473952,1.018736728767857,330.7035758021209,4.413394667670476,5818.217712109781,0.39435809117254106,-0.07251354590973202,F
1.123422152178822,1.2242201627763274,93.95083042669987,1.6313858445728004,166.9170904750004,1.5435453427012353,4690.914547575729,0.2571999876745608,-0.1697153324979156,K
1.5401360423556216,6.748574636368716,10.73591184105867,1.1454304300968974,326.9587743074421,3.852801217227016,4386.096671810873,1.0206221906520205,0.06423181668453604,G
1.5934205586865593,5.251046238947554,348.169450686471,0.1824838124241564,285.8845543356615,3.8497454238793933,4590.449514211482,0.6745970714292191,0.350574528015116,M
0.8697089110510541,7.745952078182829,9.486494929304468,1.3029876136286425,170.43133643669455,1.4620689089816912,4057.105052634557,1.1704758925193228,-0.29847162199368715,M
2.439169255529117,5.249618661008735,350.0059674009956,1.9076663501926483,264.5751603821641,3.4417437377863553,3821.3317548271993,1.6272292919186029,0.4344330387534414,M
2.050265646722229,8.536596853153547,212.04591647685757,1.2430624582780292,271.17407178251176,1.7769866915392039,4932.15879023556,0.360582127490212,0.18908765374822967,G
2.3789978831283785,5.563877703867407,375.68801170664557,1.6564588329109013,191.44363504081895,6.657646470064555,4074.1350242704293,1.2033282606531415,0.3232732126800302,F
2.289654700855298,5.653285918200324,319.7145110736925,1.7799922803619748,386.4245367500706,7.633816181751295,4149.846659589,1.0604666447407414,0.05619069263001164,K
1.6957999576221703,8.778870666317616,399.17571010280165,0.5333515667029717,362.4938428701655,1.5062153268055702,5627.024253898228,0.37374969342507913,0.2795167014240635,M
2.3437484700462337,4.094480375502731,140.93401436523234,0.5028851958256306,317.25558433227707,7.68580645104191,6874.149326799568,1.2855971225050666,-0.4837996026605328,G
0.676985004103839,1.4267507616613433,307.10812728351965,1.2608638788168842,265.5738902501518,4.658036195357216,5414.5488022375,0.6199167939354661,0.3183804247795352,G
0.8919657248382904,0.3849484955020559,161.3704345300876,0.8809540926327389,252.94138539612715,3.0969597456771174,3307.917868259865,1.0268852052336237,-0.4598611409146335,K
0.5904545778210761,7.575858831168828,192.47037250125962,1.6957364754467688,312.7433667877385,1.5380345269331446,3302.3344554162677,0.25631741612641756,0.3899133763628625,M
1.1506606615265287,6.2410645583993,251.37467982412966,1.8100439344562211,286.35796735172636,4.504369876492925,6805.692883382264,0.9732097087058837,0.4919627472386433,G
1.277354579378964,7.070389704182313,349.5971685603492,0.7715006206751643,165.5682764704714,6.56160881143524,4189.163161229335,0.6822805892813586,-0.20593253782322218,K
1.0426980635477918,2.2083451989382166,393.6493042105188,0.5500540620515159,278.1256621925829,5.949605340866887,3368.2679443299016,1.6625243012521733,-0.28968144371420634,F
2.1574750183038587,1.4500776083090208,307.5410921319428,1.5829984789633376,351.60090430820986,1.3515820802478165,5396.1783486015265,0.20825958129499972,0.2653633638580407,F
1.2135066533871786,0.2439921901120311,167.68894608476617,0.6221314675414585,264.80996939923955,1.5103128475753245,5494.595113161065,0.8953538223448269,-0.24697365907974678,F
1.0618690193747615,3.57081683218531,169.12144390855102,1.662967205175989,162.9891443885671,3.82011297842846,5594.019280474753,0.9710197058497322,0.36556238317220346,M
1.585392166316497,5.940185099860868,295.2953383339677,0.9051026819326493,346.5695498460083,3.0670334583356027,4069.608111430165,1.4775115449683256,-0.3971574078425233,K
0.7818484499495253,3.98321604648735,96.27208116155263,1.368344808653794,200.3409455339936,2.626690261392335,3060.4427368579,1.191146392671401,-0.37404480362064174,K
2.1043939615080793,4.431001728034918,45.07917113942647,0.2815170962858695,214.6552087220097,2.967031492360995,6860.061477817888,1.3677034406689441,0.4791515551006156,G
0.6491012873595416,9.05117107548811,142.49424089866983,1.2853327168854887,191.17658835807396,6.624379203078193,4003.57218276441,1.5763936427383367,0.17383889827000465,G
2.4737738732010346,3.5477291235306736,115.60835766997862,0.9583585896007353,232.5537662178744,7.504596375422977,5704.10515221019,1.7381856499505586,0.3468872244289528,G
2.044489538593315,5.188495942682127,119.22694006194004,1.2145560800334008,339.18787642215875,3.835718861692965,5826.519479514838,0.6963634437726939,-0.175670622648482,K
0.8974313630683448,7.858164826137316,94.20949266891407,0.4192269947152405,279.84646487598434,7.34277701492748,5440.029668317942,1.1222431401914157,0.17648374952060442,G
0.5110442342472048,4.0257735449805745,17.795182664908392,1.5000601153939461,201.22031853767814,3.2504699087351736,4251.629576854593,1.6962053490344797,0.0942418273085972,K
2.1309228569096685,6.258658332255948,8.13169995863211,1.7393144473321343,369.4575195380102,4.335058904406541,4084.385015056263,1.9799571488336072,0.103150120122947,K
1.9137146876952342,8.637400716592778,395.1012335046766,0.5118056201724737,369.8954637378823,2.582202984711998,5390.673130810812,1.7900866909831499,0.18253245953772157,F
1.9580143360819746,9.500254174210657,171.68148036060907,0.28185765548830727,367.64460626150174,5.483332295230908,6464.382534446766,0.8057877989863158,0.07535917312909857,G
2.0425406933718913,1.5560274611974758,154.346332216713,0.14491331348803915,209.6990528453848,7.852867806223662,6786.934915693582,0.4708163827154358,-0.07093763069733405,F
0.6480893034681807,9.273217489098794,272.17926579453484,1.3197458508422055,262.80983604524704,5.22445167230365,3423.6232176150306,1.0298458210725185,-0.22407730561945316,M
1.2169314570885452,4.971951301487428,88.0833012581606,1.2534786685686834,396.24741403521875,3.504698588794842,3619.3144503908793,1.5091187584884802,0.268581330913202,M
0.7317381190502594,2.6566194441596878,380.0345123961399,1.1387250841567331,343.00311907749756,5.534722121933699,6778.9450351323185,1.0358812344312653,-0.2737275699968138,M
2.2262068517511873,4.645443986758787,314.7516607518053,0.5406994826203533,156.79185530638995,1.860444749257713,5946.14091333917,1.01804364029597,0.19235430615441418,K
1.7465962536551158,9.802322495326223,36.67498992259154,0.8427213922204778,166.30114781512302,7.220613561857791,6531.975299319092,1.6926378000554212,-0.26666717735067336,K
1.1617960497052984,4.976919130529409,167.61472953818642,1.2295050368537288,265.9828442030832,4.5215876554588545,3810.5305365413724,0.786667180227654,0.1253301699544539,K
0.6271167005720473,3.3546409418463314,351.7682047173037,1.0438570318324218,377.3050514653901,4.145448194277495,5350.343484437608,1.7336098821421266,0.24707826712902892,G
1.1219646434313244,6.370668457735585,377.94807689427273,1.976792488408286,284.6754494881785,5.101053519174634,5804.558377669895,0.8729291218082746,-0.2812861110934608,F
1.150366644053494,2.4774416259041114,187.49320298869802,0.35923552985779295,274.45312700857255,5.373487039525817,5720.447541787891,0.7236429007888449,-0.4400566991386917,K
1.9592123566761281,0.8510469482757728,245.75114429507238,1.4207746526904281,176.36842498915763,1.5024306435855912,4632.6067634667925,0.9625808312794281,-0.3690262570058259,F
1.7751149427104262,1.3759092469154275,67.64654449073801,0.868205659398155,314.1950261810735,5.7783205485638165,3061.5795667652337,1.54864922148225,0.10599696727102548,F
2.274425485152653,1.3676538056819474,396.4762818286536,0.913579268358668,355.52579015005637,2.6935217622087073,5331.704227217053,0.33940385294158915,0.34944640622573553,F
1.4444298503238986,1.6038366657717142,93.43700885199391,1.4634357547505348,245.10500187689058,5.997668427546128,4012.406156718435,0.47319651015683306,-0.45500317876457563,G
0.7391884918766034,1.4743890092291605,377.1499778799151,1.4156286875163024,343.90296273133185,6.757743560689377,4801.016984571561,1.9077451687598748,0.23415125904164624,G
1.92648957444599,6.444659973551825,260.209012947955,1.9833863880341578,391.11916347520287,6.627709552867642,6830.32406033527,0.43343409202457905,-0.15868135404994788,M
2.021570097233795,1.900612835551534,243.4869811566648,0.34394914996283793,200.94161478192228,4.867506771855224,4596.1412705697385,1.1786819040690037,-0.021471630080477477,M
1.6225543951389925,3.522106104906246,205.56271589558693,0.297808333829916,280.8324077986853,4.641189246175259,6359.206426657707,1.200697486657682,0.4288595498455656,F
2.041934359909122,8.978205258069517,93.03725487538571,1.4762437525446082,221.78448952114388,2.000131729375882,3754.162422997005,1.030286477895465,-0.16802849526415453,M
1.4875911927287815,4.792220238602436,71.43468477019779,1.1989351423121772,348.21360475845984,6.427423052821949,5689.841992100115,1.3250159722959554,-0.03466306606051395,F
1.5454656587639881,6.708821611358169,88.97399741899997,0.6209052664636311,294.3983414702894,2.8998656631270006,6908.027817755774,0.536670779015475,-0.4863175852393189,G
1.3550820367170993,1.8059667248961355,75.38886659555756,0.2508968010790745,308.64560438757593,4.476867959725626,3407.572403491747,1.1500583087758216,-0.41840127999516163,G
0.5508382534881904,2.003661286205841,312.05420495313456,0.262750674233218,349.4785399039735,2.989918650492617,3033.279768908768,0.8071291849691046,-0.24140840886521597,G
0.7157828539866089,0.5045993010381408,140.69997840752532,1.7989626618618249,248.99261816561372,1.9367985409978519,4734.331170530458,1.3571677932954591,-0.4721477591789256,K
0.5628583713734685,1.7724571244144292,24.07922794879515,0.4645479169656115,378.7725171017608,5.406903878242156,3370.5019322054686,0.368324732408984,0.13137532604825097,F
1.7728208225275608,2.8580443564163907,387.67194942618374,0.7144059680194894,283.257216811535,1.380324243760327,5993.537398704926,1.1846670919950049,-0.07360164319837748,G
1.1287119621526533,1.8524037943397935,353.63056810040683,0.5306471642312772,189.48870570883702,6.2405166388834,6658.194655394236,0.45201367522831504,0.04814520272802203,F
1.5171413823294055,0.9781550841948505,371.17316099489,0.7744929810806809,323.9747795422006,3.2231075668278164,4736.083890835035,0.629421819918569,-0.32535281410367045,M
2.3151329478521863,1.2942951238959481,397.9682212359277,0.2319053012175774,348.3153376095636,1.0009428510313971,4034.846568621764,0.5155486206148081,-0.20406797056338388,M
0.9985844582977499,4.661709803523985,70.38420443857542,1.0862136027257137,229.19041926688166,4.577903974660609,4737.613276026439,0.44739178175075245,0.1638244748527251,G
1.3207658460712595,2.142703812217346,159.10056554216084,0.2284638708252083,364.2948142496882,1.3279633596932219,5893.791271400004,1.6688508079652673,0.4653027236303998,F
2.0111022770860973,3.7062716243759475,303.5371518059324,1.620677364862487,376.5358136914416,2.933186904746296,3036.216646321484,0.6428443785556915,-0.4495832263977908,G
0.9575963309832449,5.083830981463083,278.7122266034631,0.5440529556298227,219.22612184445222,5.9488354121900135,5357.815957938788,1.8615351855424538,0.3903843208552661,M
0.653959819657586,6.934908803430717,62.40446662960217,1.1260226377485703,395.8803681788055,1.4388273513530612,5453.166739549516,1.9428603981558625,0.07688120131120846,G
1.079502905827536,0.48919018442687945,326.5174168712565,1.7721502663667708,185.1778820121896,6.875369446492016,5550.752987583743,1.185394892880485,0.06391956675562371,F
0.8224425745080088,8.014162949199523,90.5517881628276,1.3366670011896689,200.5039171006225,1.0267394586100818,3968.0883199235086,0.3717021330648802,0.00027853520776033314,M
2.359395304685146,6.316213855959987,90.30322831422662,1.1126197944475371,196.05620980950653,2.7277670844133155,5856.210893512507,0.8116416624212044,-0.4306059140958166,K
2.116240759128834,0.9094144162938319,215.25279473447202,0.7162341309192136,373.4974275019676,6.1863283930645,3365.5659453271055,1.6156913003616067,-0.41012314826383933,M
1.766807513020847,8.748428378657094,237.58303400183956,0.732703634810576,313.5731380812405,3.2138910481051477,3797.0813458672033,0.7980423845244338,0.10091200565908609,K
2.2429211803754354,9.216636765264951,232.45439692728667,1.3720252148765613,188.02607080556822,1.7132467164620948,6509.880186617927,0.26533271477529863,-0.1590414285644417,G
2.1073441537982287,0.7046718025631511,37.503248121704196,1.9888647863202182,260.08085459208723,3.5216374316029952,5954.892602906266,1.1578913307635572,0.4172680665776807,G
0.8731401177720717,2.841088716657317,351.1068841895218,1.3574944607138193,303.8245062674505,2.892753004691679,3054.982216045381,1.7057296178424661,-0.09340946264052774,F
2.2851179969799555,8.081392669951308,106.97441699289372,1.1597884930030473,170.86602124734583,6.898983315123885,3993.505041479201,1.6122601355726545,-0.3567185412973589,K
1.5786844838313014,7.507770934798217,52.676453591838865,1.4882359694545677,370.6040921018347,3.193435423096002,3857.6259319726582,0.43273396624767113,0.21471883350203602,G
2.1148803103281253,1.9267580916281357,355.6104838677219,0.9838906633390644,350.90088386038383,6.52252730243205,4083.2253121478902,1.3782527673836868,-0.20664657855899016,K
2.2921825998469867,2.172558301033432,382.3049477936716,0.2142704509414919,276.30169339415954,7.243105013675143,3990.2390811195455,0.5189581005277295,0.025470307355893174,G
1.1360069499437278,3.767673817634682,344.9889192889148,1.1683639501680287,391.7816538147926,4.036721937035707,3250.105182971383,0.5145943156491273,0.19783278550517003,M
0.7201038490553535,4.896777553391111,323.9969138152264,1.9194880405602224,254.44024481877494,7.369602006980744,4835.762066387281,1.7607363692798519,0.4002641112020704,G
0.9558703250838834,6.220722238149929,262.44155027496964,0.43307559047955335,396.0275797591245,3.64122637774235,5930.93389914466,0.5743710102064373,0.2921911948016761,F
1.3542155772525126,3.752245031740747,220.7920908730466,1.411009292559265,316.9799997009068,7.748548915430757,5426.926898869746,0.6001699583842212,0.1763610678727241,M
2.1360295318449865,4.679093689718164,35.707717204652646,0.4817740084522073,308.6678183134853,1.6250266716790105,5691.486674392319,0.10124144244646915,0.1796331823951436,F
2.221461166512687,7.499962287524189,163.97283201520878,1.1180726004988544,191.48872382394626,5.809134865522699,3324.5967141449564,1.7542711648384837,0.44592464403208654,M
0.5139042610623814,0.46316370861691925,149.70271828791329,0.28368525432876723,370.481939576161,4.4566982831985005,6805.962840707149,1.605930145097356,-0.20417590250346396,K
1.5214946051551315,2.5991257490058057,104.64175972037016,0.9557047788905517,256.8724219801538,3.7135416381895294,6353.967335372099,1.2919249766722882,-0.4988879058038126,F
1.334822006297558,7.162160900257069,289.6446253617454,1.5367103249009675,190.55835144561985,5.428983151240207,6220.361273982651,1.5255049514838004,-0.22804544060180132,G
0.9442156209414605,8.962547693103273,198.85441829642954,0.7603858960540659,153.15187999393976,5.926999641440318,6291.93522016707,0.3888922781065344,-0.282108620373256,K
0.7397307346673656,5.165606676945094,33.337440147151526,1.3633322765257143,289.93892090959565,1.0305428875521636,6730.842032531045,0.9708148297163932,0.16183458511399818,G
1.175230342807256,5.367923504126625,88.85309757797472,1.6113549255004855,281.84990553066905,2.168671621230391,5177.015864454791,0.7673168359626836,0.13371159976552904,M
2.3858194078250383,1.161002912263783,273.62024670017877,1.86163785701096,329.83840559228963,5.991322354440231,3801.1280714705035,0.2781753998883313,0.09346138270472382,M
1.1464058640415105,4.529382431552201,31.376212936629774,0.5458199555253617,372.5645132544505,5.664697895047445,5467.134431410164,1.0236479219083559,-0.4837565567905463,G
1.5375812434867322,5.372910937904729,340.6315587054587,0.8587002400376854,169.85164616075738,7.7623325359007405,5971.525974671757,1.8494053356510072,0.22877805445064747,G
1.9060379177903557,2.500457985983824,198.56346427857576,0.3895904253277931,332.8741225850906,6.327264531755481,5951.669573416102,0.1761123261963195,-0.17646958751450847,K
1.227259204758588,2.765507986398872,192.75404435333255,1.9857186541009129,196.85298602439556,7.655408954119366,5085.79609666752,0.6537757356382083,0.1650559890066311,G
2.4435641654419213,3.8351132147357645,237.3707060791475,1.861301839056161,364.544263289291,5.917783510743648,3273.8348773343123,0.49432777879083656,0.05657842850215333,F
2.4248945898842225,0.2987048579994911,330.0477054041345,1.1259185475330633,354.76587846541406,3.086365460476102,4484.451753720511,0.552478641964823,-0.15726907457209283,F
1.0035645916507283,3.288583739273465,139.77587395297502,1.6998632593152003,285.1984387463861,1.7375544557559954,6683.06643385343,1.826025648570813,-0.36542373289589225,G
1.494497011784771,2.193335269265792,271.52844487106637,1.0898201568168802,327.5606996558279,6.4727670434145494,5337.795639029704,0.9893312030451512,-0.40558110233951905,F
1.1017566196335393,3.3422237865613553,226.72705363432064,1.2848128072052434,228.5875282959371,5.509044550331412,5153.327773022854,0.9859688845856557,0.33151833311222356,G
1.0696809887549352,1.2856451050105873,107.5442797975991,0.26933642102043154,267.7919747332037,1.3373020867530736,4075.414057528774,1.5450937206650364,0.418397542081558,K
0.5737738947090656,8.91622007932496,351.57336455570805,1.535013798943935,355.4092244276179,3.5203532613068482,4473.795679666316,0.393535187609359,0.14978804676429958,F
1.7191286679597937,5.976565290185081,319.1729826211643,0.3426556189069462,264.8162992933035,7.697598708390003,6581.384356612677,1.0258041727900964,-0.3965658851395166,F
1.505358046457723,6.823112959530447,263.7222820287118,1.669528497479804,239.44956633136044,4.5028080199714084,5665.852190107343,0.9169719068300134,-0.09797278311175928,G
0.6029575024999787,7.912795262212649,340.3821099086025,1.5858533665737333,273.55311181257497,4.029103952137932,6149.548107009332,1.2341303120386466,0.22893920010515723,F
1.0572929284732229,5.034577769397667,347.0503861829611,1.4466149257116552,357.06231310930457,4.203897236115058,4817.381692270621,1.9991596361758333,0.2798208840100681,M
2.3165317719333074,0.9605108520654946,283.63682770929887,0.16870472299704803,233.80201184271817,2.462179068036146,5520.988877824631,1.5619528987558895,-0.3817813777089114,K
0.9791237813339448,5.417354764003623,334.96831801710516,0.6759438762961243,193.44039828393596,3.5809501960535663,3993.5344349728302,0.8559448357331116,-0.4999692811546176,K
0.7897897441824462,5.909727068406704,279.2911132060442,0.5999138828306014,328.0035050826952,3.5886927919102365,5821.843321133945,1.6723507993206892,0.212137045880605,F
1.478905520555126,7.479850794424867,272.37616793235986,0.7842591741958862,356.49455317702046,1.3664851413123067,4710.405334813349,0.4243458902937124,-0.14340382401379437,F
2.4713009082212016,4.373429507673825,247.82593990785853,0.2665212188512932,175.15936963088333,6.372973399625428,4770.182059258982,0.15788100398702423,-0.24551866838173975,M
0.9841105430230008,1.3630449976760814,301.33393918349884,1.8802198637590193,209.96852818898617,3.9155310233271527,5597.289298307527,0.48845190768211877,-0.48710253021047456,M
1.844271094811757,2.9093814674073726,64.2834370119364,1.1522242573535149,185.49299744024847,6.755259207714963,6745.122485875707,0.7467819566170933,0.04029940676149968,F
2.023239230657435,3.6945147343464875,352.46743292037246,0.6804961902502447,236.98535289554167,6.9524360078392675,3256.0253864344836,1.0701034391731639,0.35115073542598174,F
0.9752750879847993,6.494580689182852,348.8655675703476,0.8542648824411384,262.58774472635315,2.4839583828906067,6298.97294938803,1.2687453670282798,0.4576316462725879,M
1.9564326972237192,5.750705216222228,12.6696659307891,0.9496848269591877,337.2065842408266,5.6014743751909,4169.532441648773,1.8301508627074012,0.06574495061328922,G
1.2355662654385065,3.625357586388678,330.5008834753403,1.241129233385173,312.7868962204185,4.3059726291408715,4775.677818025511,1.0687226181458696,0.01446132773989417,M
1.764611661187159,9.866500963050498,52.419077121904635,1.0797909126233458,305.2321418696078,7.161097165450395,3087.653315100036,1.052423724788886,-0.4149436145107589,G
1.7670594215217894,6.097170711633183,134.71242284939763,1.846844749107393,238.0937366524136,2.510184754235179,4204.184311337252,0.19546171866366605,0.048872801542599764,K
1.571549368149517,2.4485452381863455,297.6597942603515,1.0442306175210774,360.36188827118997,5.744692402170309,5010.524970520522,0.16633195004682524,-0.12002092103460538,K
0.6805795401088166,1.107646478941997,65.14319852327498,1.985100228164294,267.8217918495411,5.254264855769058,3224.704309389756,1.147203927641107,0.10713528088357693,M
2.170604991178476,1.6133054779248872,327.3688426235058,1.7177074197156819,394.7762345037886,3.0671103430028293,4964.382917532661,0.9325393651718545,-0.1112736521234533,G
1.1415601299434717,2.5349815110066305,333.021537005139,0.49616997727893797,308.5355345739342,1.9562063255582083,6708.44251543371,1.6944427504625674,-0.25970087654963325,M
0.8730370207997085,1.6907455952696013,203.47962577057365,1.868130907823441,181.56618539112569,5.5614783233409355,3421.5728724312207,0.40529121095250586,-0.4050347247716235,M
0.5815502831095278,1.9470135381079272,3.5479628150165983,0.3210961559824046,319.0443905188585,6.170182206926315,6057.762912302018,0.14744615802239425,-0.18508155541110427,G
1.6817858863764836,2.9224421700690866,115.5282151367902,1.6531544461332641,231.27600385792476,3.20939140634345,4638.684213503971,0.953173659067239,-0.4033551657122477,M
1.8551287236845648,1.8163985934180729,247.15384043192114,0.8231842576055021,321.5817991715244,5.513828228156196,5620.694858097352,0.5512092578292892,-0.32310304917601607,K
0.5331756578557123,8.97797770380161,392.49328503294197,1.7681512088456321,167.41028704060145,3.765916353280523,4040.9463919409172,0.19426730934379116,0.48733615857954593,F
1.524186116598562,0.8943140820502579,253.09359727965068,1.7493077112041557,193.72035929398984,5.992448182978324,3637.969050165433,1.4767367450104951,-0.055896443093381376,F
0.9529915503958759,5.292662756745521,104.66162884459976,1.6312582602234802,363.9343147264466,2.394506924258372,3641.850457084906,0.3120266999187702,0.03187176650501655,M
1.7903455808188997,4.162928587197649,253.96827553674493,1.6010578289834165,206.79488925587873,7.231505018453221,3281.9677825725785,1.2558070500147662,0.37361852873721535,G
0.8487328580099829,9.825548307395204,216.45416650662634,0.6788903642862775,359.260281310735,3.011867175259058,3742.5868196049723,0.6339945253170893,0.4955689004906878,G
1.881875476204932,1.2091851314637183,312.1583126653063,0.25374663779737916,219.8190221136026,3.5745019142930703,5656.877539955873,0.4296424956745418,0.08271444934468153,K
1.2734706926010748,4.038770430552842,43.685274891956404,0.8656623396538067,310.7204775146769,1.4066436645624485,6526.7624473740325,0.8215278935467031,0.31247382104417165,G
2.373459977473469,9.697757289426152,304.6501330983092,0.4296965784743665,323.53764337745775,1.7805854862489348,6256.502742364648,1.6227469748236119,-0.17305897566332473,G
0.7750418882919865,8.668520546350404,216.965364891768,1.4204070689146773,278.1636882862632,4.611033318986297,5740.537239497937,0.8449777961186881,-0.1942560425527089,K
1.182132702100517,8.189013502397872,385.23380953973884,0.7575894804217924,226.3276691741828,2.8731487370958004,3441.7274536444106,1.526462333501006,-0.0972962790054398,M
0.7269470424811781,2.6532379877449044,137.40699424943574,1.9536593816338383,203.16109409277402,6.848361580195361,4156.7497851838,0.3384239639183863,0.17250726267364913,F
2.3493872365571256,1.7917871151616518,253.4161353604453,1.317846946956131,158.29733864060654,1.102853720584677,4239.227501289875,1.5682656973636504,0.18219168925509877,K
2.254678706761962,6.719567877251866,372.87921409849696,1.6627130709052858,225.98660031018096,3.6536583407035534,3999.827785590485,0.5501733173226324,-0.1847605653505492,M
1.0158832554303112,9.3008222923631,41.90138146828102,0.351796878209512,313.29069763282075,3.3614188273836487,5060.022638838893,1.3870469467888584,-0.3667900758633713,K
1.819968092068358,5.611952640837905,374.954166407344,1.7378275163179828,384.5762046121207,1.1352934164232074,5142.215259518691,1.1749849541978932,0.13239625646550857,M
2.1344444004024314,5.758965625752008,275.4664031980245,1.8532386619754493,367.801120565763,1.8705787930035715,4427.543900684441,1.865374962702206,-0.3716741378112355,K
1.6104016231989247,2.8717930272368135,28.06698658296359,1.0254176457559783,341.51619413382565,3.895498724430447,4415.156634945744,0.8359127841530966,0.07849250822933007,M
1.559301156712013,7.717980038600175,121.08446321177968,1.2518805817268572,347.11183581332466,4.450052091132126,6314.222391624326,0.22571385878543684,0.19342212805630898,K
0.9837045818009034,1.9517331107194815,283.56066336946736,1.5531386217156913,316.2462258689988,3.830028230784084,6157.1713932787425,0.13639542254738052,0.20061149639445164,M
0.6862055356117984,3.3044244404020127,27.872889986039908,0.4321933917947839,215.07171439150073,4.716563748884656,4231.183326722983,1.671031265848231,0.25347211065959674,K
2.2944315159066537,4.311820742302526,233.28601361033304,1.0548755452805405,376.79875767645746,5.16592172433977,6655.153775493038,1.096997711556721,0.37285942156566454,F
2.300836114326661,5.125342748976105,139.00733972422972,0.8574597527673948,317.68307797645855,1.0694667478948494,6811.260068010024,1.5729636984864037,-4.100803521156493e-05,F
1.7662029145465359,2.4998563509092944,248.74529158922337,0.37811058510827333,290.11015774511,4.248666116174527,4306.970168120163,0.5454086400218779,0.23024918952957119,G
1.1780595820974014,1.236884564918115,19.251071491192626,0.7983154023539096,177.74736730337025,7.744494686213118,4417.69979517222,0.755659116475144,0.11917273536583672,M
1.1984191492253218,6.145138420172162,348.74318565479814,0.22952738783243778,261.76388595160637,4.633225960906842,5022.536613687836,0.157197357201506,-0.31336006020231744,K
1.9519113577404787,2.957442477078532,389.42209870178135,0.14904262320402528,265.0895678004816,5.742795872212672,6764.483250134694,1.926835416690813,-0.47431035513059183,M
2.294220519905154,5.854258392083861,387.5822642589909,0.3568159493941633,366.1409023806675,3.1830470054181825,6505.277732569246,1.3689490227315455,-0.21545861432306623,F
2.2741728485302346,1.628190881214603,300.11108086542697,1.9299187120194303,286.6620550469471,6.417939647069337,3410.2718503343594,1.8730896667426817,-0.056966293662380596,M
2.0597510917152477,4.8632870083626925,52.904409812122154,1.1441061182005323,245.10013724260241,6.4104503731328055,4570.922973085665,0.6044431741152374,0.1171059444286563,K
1.7840632923085755,5.3726353822607,303.54701517568003,1.935062106191118,394.2000821276648,4.649072333578973,5213.484758999088,1.2617808613287556,0.3499593305032054,M
0.6682799299900977,0.6130530145420264,10.810179667061803,0.9217459688272507,177.68014833157892,7.832096762954495,5012.52989020616,1.3891499397560119,-0.30375428329383436,K
0.8232574281892275,3.432382354119814,9.827297060069904,0.6924506528619931,255.63710707798617,1.8788515033385735,3775.4522717475706,0.703344430489418,-0.3744502101015229,F
2.2971083770541583,1.430705301695845,130.12047744066695,1.0616695393964637,160.50616879285133,1.118633654227067,6435.267084672619,1.7114075465296972,0.4634799474743275,F
1.7128581193191799,0.7274122076804007,195.96863297146163,0.9350722084025291,334.97603019173255,6.391107482299672,5707.763131987349,1.899606779510471,-0.3919554406235929,F
0.5183941032332593,9.900606300660458,308.3925597053095,0.30076290009731343,379.51913804978767,6.650088761554178,6351.633499407215,1.7812247236224081,-0.021508929892810835,G
0.7029430857320642,3.2913030652497577,273.63485526599555,1.317569997911392,220.00933238762235,1.8414506038440337,6435.057117397889,1.5042272542848079,0.08556372879330187,F
1.8270035382161116,8.117757013960885,178.91517984432258,0.5104725467682393,364.58541919978023,2.8590798307102423,5993.423414662959,0.6271828914774126,0.04137442090743826,M
0.5101231676924374,2.6209424821612624,110.17703984638469,1.2772171143058761,223.05455761547444,1.1228665435664023,4756.84240499887,0.6350704800007002,-0.4139678429670568,G
0.8216161028349973,6.8468769500169,398.8526755629267,1.3353820755564914,377.69254041097884,3.053160275463953,5442.187020061698,1.930384608847472,-0.44297308599638063,F
1.5974675787331722,7.626255812907897,171.0463395921532,0.38884722094443136,338.490475899196,6.4119931174307006,3641.4616244789727,0.11954054227781485,-0.3945165725389643,M
1.8837903953853865,5.996823532017658,181.10342270754052,0.2165642915102695,351.22669421035965,4.625723693988053,5694.581669899631,1.4604949491600745,0.08558768387261251,M
1.803922519005201,4.768604266646568,66.285904655476,1.5834470135300356,154.50163890011362,3.4366691521780166,3717.013022957123,1.4418677088549983,0.044344887634321095,M
0.9485386189211196,4.177225050057959,318.1290099512218,0.9736208051617082,390.7025892685065,3.602175064344312,5775.798362040627,1.283110127804615,-0.26625920796325575,K
1.9243584426950717,3.553795838775654,277.779208086814,0.210511211460404,331.66774801758083,1.009475380008277,3918.3926430158745,1.981206807565045,0.13777414184559156,G
0.9744981749936001,9.302338528053475,89.0870755027154,1.9902460026225577,226.18777384653333,3.0986036929566514,3470.20520060088,0.6925709279510779,0.3200675020556494,M
1.1507993963185355,8.323132137098519,33.870037200721235,0.20978306589309662,357.3486662147117,5.525211191465513,3661.13796057183,0.7459465412071715,-0.45842104015340623,K
1.9929828102360483,9.653766415598474,272.51922152781054,1.420566934831251,220.38029960373248,7.8193611067145,3007.968540876281,0.24998486559845554,-0.0018700564519575913,F
1.7992657980944293,1.330542512506893,262.149974498173,1.968989958000486,368.188459891532,6.929425788887297,5874.958471414121,0.941316459433101,0.18931041210269028,M
2.198446820988356,7.335588004516078,110.03055127228552,0.5544421980102586,178.14509760298426,1.1651647525187039,5929.604196233517,0.5959921998462113,-0.24768807293031292,K
1.8152257846006867,9.389570522528274,380.39456133791373,0.3702738005056727,325.9214943651989,7.289924232723875,5059.733399653038,0.7524347341375239,-0.1922290947068509,M
1.6366172066709432,1.8942073550400356,61.272098820579195,0.3306313849026149,285.1746191612276,6.4823888930903815,3645.4512042215347,1.6856864014856925,0.11363790298938381,G
0.687349535656185,0.7583130469310972,173.50158561599815,0.6762227803784315,174.1336175488602,6.462632864996863,3334.217350042759,1.877420575702242,0.3979352934437369,G
1.235431606118867,7.4370944279715845,377.50275214687196,0.2919870409202287,210.47345706470975,4.205970313025,3076.515865749148,0.4528928368098527,0.30992442030289935,F
1.030404735363451,5.787283820481128,168.47119945352281,1.4151065492188506,153.1010090693287,3.7860370506815197,3662.9927078608825,0.8077669699515851,0.08313021909958351,M
0.9879792867581672,8.434104889906893,255.77185311797012,0.21835441644711912,267.19199136612644,3.1204101018323485,6563.422139932587,1.8643980680192487,0.2302217177572492,K
2.4460211095048914,1.4837465286002662,159.64016478715493,1.0679020434846005,225.3163151900001,1.4598640126805604,3966.147366806727,0.217436075309523,-0.13517752979220132,F
1.2861954493335208,7.973146387412913,110.41186573711934,1.9937240223206558,299.58937107443967,2.597647544455894,4417.085308868863,0.2754850034116192,0.14096552809875773,M
2.2840931103542266,2.096110468472671,393.6070815359715,1.6465435120614358,224.3094519271543,2.7262254448461722,3421.3819379253327,0.40930287949183575,-0.03381840887244303,F
1.7622772519945258,1.7201938343704748,164.32426851970217,1.2689169326389207,224.97977787674617,4.388539487971411,3889.445218992681,1.2309043848410621,-0.3100638635424391,K
2.089622607083297,1.7262313995168304,357.7455822679746,0.6818818794945621,335.79829968290085,6.232110846176858,5076.89828312082,0.38589731491139523,0.20173827387725718,F
1.5052741862103842,8.164289730290683,92.75188775054339,1.2854020889541131,162.03570899458836,4.316668798785626,5431.0107323826105,1.9393451247563935,0.05646463734882201,F
1.6538077692527182,6.685452484892381,86.02877690600823,1.101378781432138,375.7237487979968,1.4049111461301242,3981.409256664844,0.9487576017911886,-0.1413784180464086,F
1.4850353876377278,5.278347705214281,13.422499070920033,0.9095584293917057,363.0659685977954,7.704528606917427,3230.928636900469,1.052884124665316,0.41133919007863073,M
0.890485975596089,3.652421792822675,261.01506332497814,0.34834971580637897,316.9511708066016,7.599070233658786,4564.131476509595,0.5686513700302723,-0.47906588217326673,K
1.9449042305230106,8.784285354049771,148.0420111457807,1.7845480089568868,298.30539252684605,6.496326802038858,3936.8134837053367,0.9948244796259936,-0.184226848750504,G
1.0615447248817116,3.9852065634840907,345.8789416860152,0.9545908327605127,373.07562453491306,7.939295310949544,3878.215692919208,1.357635902010322,-0.44311860222235344,M
0.5486319328629077,8.184334450768613,189.8107527699313,0.46978277245945366,196.3325448821786,4.81137632960184,6839.451210853821,1.5272365602126812,0.2665273162216272,G
1.7909445918143356,4.447435594845162,387.309177737974,0.7987427666668502,169.74229054770714,7.739378451772442,5465.201943702896,1.5323493571488347,0.2021074541137926,G
0.8542213588140979,3.831749851306585,75.02468076554534,0.8868465298049613,209.8775424773845,1.5292352843172554,5227.513772688384,1.1979931141187679,-0.16864778126368296,M
2.3809171687058286,4.680529878129104,347.5806440142887,1.6723220015770612,348.6445696750476,3.559765237829599,4663.100414093287,1.8182835724883288,0.17566290220707304,M
2.4078571540051747,3.083640954225007,310.86214426390495,1.493867323066664,158.66756668162083,2.577668876047361,4715.777333720577,1.6530749098816078,-0.10406277380405016,K
2.329728780440897,7.501332863744886,308.59781601297675,1.5616792979185457,295.7017087708724,2.37083158893989,5163.620015352323,1.5383914179273883,0.2562537914224343,K
1.2403174005108888,5.0769318619155435,338.06850801863817,0.1209594024144297,398.8593790478275,1.9856206422487326,5785.7192281444295,0.20565049119287518,-0.04581633726329393,F
0.5309132330577349,2.3989056819534915,304.64857238625655,0.8906925965415468,363.92402345938484,5.356895490961977,5808.584384727317,0.1130681282173337,-0.08772027216833445,G
2.3566371251754505,9.005788275418228,250.86190833093474,1.0145538881071148,280.36142226089737,6.469252990231135,3686.775630821798,0.5036498266713986,0.434729915488301,K
1.3563682966346287,3.9005230915947933,53.36670619527264,0.1364653259638077,165.91022732166059,5.048088795942524,5000.451008306508,1.3606948284355593,-0.24912090010929977,F
2.433309638087339,5.481173325028487,13.977945617009514,0.593645096615565,357.84337859642744,2.0287389671174676,4647.832380136408,0.881275228876837,-0.37955266000343457,K
2.4272399541785057,9.074073898549015,368.41829127845904,1.5445506639320565,299.74462704430266,6.677866389534296,6482.107865077536,0.8645718926686923,0.08454311325945818,M
2.20601891093472,6.279956159548521,247.04347549377448,0.36050844088509815,178.7332492648917,5.4516829501460995,5525.675684873506,1.780715087636266,0.4693218122841789,K
1.0888977841391714,1.2572906030128044,318.81837909949434,1.117089249759924,173.46432120583904,3.717159942888969,5130.016265663928,1.8015694114504937,-0.12216078627281335,G
1.2701954572038505,9.404338023773404,193.12741825350747,0.5088835568327512,377.40670485914814,5.718912068752441,3461.5785687156695,1.827433001701813,-0.4379632363712185,K
2.202273343033714,6.314309725407036,47.805967395995395,0.12302947182339723,317.30006573451965,2.81933485469983,5422.551557293646,0.6963683453785519,-0.16069473269043255,G
1.1338440103125553,3.4155655851051527,50.94913108881762,0.5582827694391288,357.3216998291889,3.4163454594594738,3468.815622720934,1.4130060442045973,0.005931654319558444,M
0.838985493372185,1.478793519367534,274.54054960435957,1.9541601343291022,369.7447250705668,7.422400901923932,4348.826302263008,0.6161030444213023,-0.3380769933677863,G
1.6136025249167003,7.96084937377593,172.69205206488562,1.6229205125776802,292.9430880120806,3.0335315396999425,3571.3678592573274,0.46215868284145456,0.15810221805649205,K
2.372309548321562,6.238720283692284,81.00936595343435,1.9231956242099635,279.3615879387603,4.289917877105556,5768.294588097476,0.4508016689600015,0.4977493890102006,F
1.892059593349946,5.3812648105655825,197.1462241498333,1.0269226834600886,257.60685258024756,7.230987961772103,3825.0084553446104,0.7500044796408286,-0.04826052401855618,M
1.64012234017873,8.949536572204481,26.6193658929785,0.3084987774872566,229.23664694777983,5.9540494518726925,4567.437492752104,0.9169194775816613,-0.14527144326978736,K
0.6943529875415371,7.907112391122855,233.20658936384513,1.1411230290500167,258.64899021467795,1.4354225831529193,6582.699110475114,1.67880342500463,-0.09929583316553336,M
1.7300144533983395,1.6015813093542368,108.32836836960396,0.9633169356639256,343.4699139325391,2.0311213099527925,3817.265533595881,0.327793077598153,-0.38485382160479886,M
2.4801077002085266,3.1860484711759276,319.2260811542381,1.7042784572052703,300.48085775378286,1.0548911354034178,5031.220255835116,1.496359110050299,0.3832736014262238,K
0.7801680304730481,2.560042484163211,124.83442161050593,0.2863569034900647,373.1308224887115,5.416452531604143,4677.086644664088,1.1097643369596801,-0.08517434447864802,K
1.5366593047274735,7.465068296469502,182.6328394836387,1.0276581603413786,260.84500359479694,4.133713977872928,3072.496164182919,0.6470961510843857,-0.11272558857515869,F
2.254746143855911,0.4319711038842159,5.636595423332153,0.38509246291857013,301.77239467968855,1.9399239563159287,6171.032454291251,1.0363572106123666,0.15969027293047433,M
1.9815372355084089,5.741907880226034,29.906308230028994,0.7168842610911139,307.82688827299717,7.705538847397393,3276.183625258399,0.669889932576343,-0.05796657906887648,M
1.894031481990536,7.648340988832836,157.60492900626724,1.5009784470368193,297.92429057658137,4.7076180676193395,4897.020083907814,1.2325557149527815,0.14823346880784605,K
1.9049681679742185,8.77997980394132,192.49559505213227,1.0044344458006564,325.65844327137904,2.693253058790224,5242.7131797557995,0.9243034534249639,-0.4385537098692125,G
1.2189823024395103,3.486609312287484,240.4081986996022,0.8141877417769616,209.35836709370156,4.504224998082953,5513.705826458348,0.4123705052498696,0.31372334372222743,K
1.0871836885289867,8.230447316252928,117.37336890501199,0.849504929283067,278.09094438644763,5.757342329145755,5754.526517231502,0.3215078416558238,0.4405039528794026,M
2.1187223109570272,1.1952541958565517,278.29777256449046,0.9729488599713746,176.05620070208693,1.5336745258149513,4013.08953409086,1.1387217959370473,0.14876538615938595,K
2.1202267893583615,8.47987768817173,344.18883647849265,1.591531433290408,246.12783191120315,2.922926705335244,3039.9151066337977,1.8145847632435965,0.45456592885881075,F
2.2341446371602074,1.362137757086626,312.1605445684466,1.7949609089864453,271.9167671553161,6.648758436187955,5893.774649419648,0.7535196044596025,-0.3485676856300367,G
2.3264811051129426,4.033144176547636,16.807911313994502,1.9151359043574638,313.0560648863681,4.217654092818629,5142.626397390314,1.4927002037229842,-0.022583810519646308,K
1.5226847977218756,7.9932241212175805,192.72227195587374,1.5951164338850607,387.6327631465509,4.826039994226065,6344.470812828995,1.3514565743855573,0.10180673394544726,F
1.5030325893743992,1.5841825307528605,42.867141188851775,0.6992731019212242,300.16276663708896,4.029712015466284,6285.5534516027765,1.8699543371880138,0.08173664742118669,M
2.0965903579335503,2.369588812803151,97.57596132914846,1.40745594156443,335.89847904413995,1.3072995985010358,6373.304671151533,1.6598639328683678,-0.09853822091095676,K
1.7999278615555303,7.250300427091356,394.67837471359144,0.9314459357052446,276.56651487380066,2.1602484587410915,4940.378639918161,1.1765499919203797,-0.16191559063373862,M
1.9039337545154067,7.228361711806136,57.85572161770378,0.5838741818874972,308.52600784408287,4.118791471193236,4334.513583347462,1.348357946644804,-0.3731759774495812,F
2.091585338872202,6.447361565564443,200.05637322709106,1.697656000909253,167.73305403344335,2.4642982578554946,6166.23281036548,1.8069342865096663,-0.10825754943772181,M
2.2800106836351324,6.9700896002242905,247.64413799292953,0.17301006302841748,213.59789521046173,1.3498532006177513,4805.17645211702,0.859085690715176,-0.33733918489451487,F
1.1759903137030716,5.472971989141202,281.2835232470975,1.8133477850573048,240.4632733012847,6.9055476483627665,3733.768785613738,0.7209099411297769,0.2343656764922184,F
1.251165905279888,2.5928106831788327,224.29982471127872,0.9768071827869949,268.1233387516284,7.86834770414881,6419.896078245898,0.12054105890687306,-0.29116906450541,F
0.687963879681738,3.5223903356888027,4.89856812025428,1.310682805935733,161.41218637559592,6.552000117977176,6530.239507089389,1.6704470409637822,-0.44143469471546615,K
1.656560281992348,1.8978173963341143,131.25806198935277,1.3527724521909872,185.00602438832942,6.976494451932669,4865.23902456068,1.6218633307663932,0.052366137817234315,M
0.5718845475934842,9.09366055720292,207.56694571049985,1.8007237073424192,219.20357694782643,2.6938399122193175,3302.79890923915,0.29846358439028764,0.0952297327194016,M
1.4311960362649203,5.875578768184592,36.058733158788506,1.309672396117694,392.8831727252626,7.7243888285923985,4551.304359667725,1.1960290241521305,0.3719130612805055,G
1.5852892694151532,4.068429025960035,140.90014555246313,1.2664738110441174,232.8367517757627,2.378479931173999,6214.150637850414,0.981565226517086,0.07698161241768187,G
1.0730825042565688,4.673857456076913,14.248040407755258,0.22663887706531094,270.5102645280206,7.660008672532826,6607.096114184915,0.32554728146731177,-0.15451914627655428,G
1.6816665211380215,9.478105062156972,32.35282036485327,1.0849752416958878,199.02442818459824,7.9637350577616575,3813.8909699903834,1.9630796314153747,0.3030118815263205,G
0.5610004998780989,1.618178890849194,159.37238720443682,0.3853211015523791,302.6950177689421,5.982059640222341,3267.8944481010863,0.5079221861803753,0.04027889318742106,M
0.5746963774984288,5.903675336966293,53.95358586318108,1.5011241605708225,220.17080387899358,7.868006122542753,6509.401812531354,0.22774494217206617,-0.42071971536880826,F
2.1452011213193165,5.108297920956213,227.44879845636171,1.0732216495440814,201.7481446096067,4.986778456969725,4557.619755915501,1.2302100210536282,0.06585056031324665,F
1.2203812828225258,6.153396930803013,276.096522685769,1.3924327804958714,279.14315711149476,2.8167924822326325,5167.043857070254,1.503846686552762,0.4080185454216624,K
0.7541210253037696,0.27929081982632104,320.4340929445241,0.1791785111445301,151.3764497901052,4.0589711996593465,6872.263248203036,0.16164254748965523,-0.10368737450177945,F
1.5444865201096087,8.7340266985471,80.85994745367923,0.26110483048702615,151.91600816230633,5.154926547651502,3266.2589116568915,1.3515635135813422,-0.20367419810019993,M
2.0399871061972217,9.327970996587762,67.82555032136884,1.4610144373190963,204.76720227546446,1.511570934189105,5593.272029808382,1.1113545643077636,-0.35653054298197995,M
0.9316420549936864,5.694818517533168,42.7225682934257,0.2369602383974794,159.18034062520528,5.3564028523207226,3296.4216902994685,0.29620351686259194,-0.3485544780646427,M
1.7457809516380005,6.996843156381233,254.93566956791105,0.23538778275399133,177.00643853267286,7.8682448573360615,4501.875713866001,0.4277953661980879,-0.06722851565818111,K
0.670694929987536,9.232743873655227,282.8838148682736,0.12300610294628617,234.7151623346879,2.3307535484860935,6215.258180773787,1.179151164900553,0.09567982416152954,G
0.6033634423372154,7.101662479702647,13.602871785431173,1.9173526567690122,350.6464198949532,6.548165814018683,4733.888931022538,0.6630794656752479,-0.41938459483039825,F
1.562709263136296,1.6101365248511874,374.54868625123225,1.5012658829721133,293.0121608423252,7.355291556457336,6988.729415611801,1.8827998844375005,0.4395685890251657,M
1.581270243220213,5.80525476565145,21.73654217693749,0.7711776761539219,278.1669314891041,7.605911149741546,5236.237139786408,1.6556064360196965,0.2551336174451959,M
1.774859802996413,6.106478959190273,216.9772377851271,0.6634176044465449,223.3722058020304,7.72094923083813,4284.648610543814,1.9687776923759597,0.08662391828366267,G
1.952182667445323,4.298893645893622,283.91514726091566,0.7644361365171141,382.93842985820413,4.650217471050304,3880.4453036190125,0.5933745940057865,0.3284386709389908,M
2.451704158925069,7.390797932684756,348.5166803746882,1.5718417092442456,249.25376030929792,7.841155355940526,4402.082137144647,1.9424749023161563,-0.4198132431878867,F
1.5326006966023906,9.350233446213247,285.9206859208387,1.3566041610337873,171.77319169894287,6.301171449941072,4490.1330950382035,0.9193443526039599,-0.02316112226687561,K
1.145912945882492,9.263128277777085,320.8895051448469,0.4518715789481891,304.2666290294503,2.1317000536587334,3274.8547108958437,0.7602857110961337,0.1300931268616634,M
2.090372389537407,4.563309776900907,136.44062682457962,0.4308077371347603,178.45959836915034,4.33830074527579,4478.296797707093,0.19566410124177117,0.32865290611828923,F
1.0416645025241484,1.221056653823477,326.1152203848584,0.28695173445545485,236.30578570042303,6.028318227604028,4856.9540789569,0.20025398993324497,0.2834695600492677,M
1.3779428414112722,9.849927869727113,32.965823707485384,1.3545751674325426,276.8529846794522,2.7313822107335834,5890.951008955219,1.4148213862986438,-0.22293075028660037,G
0.6569127626845319,8.405091055814747,358.0318457681505,1.5523080582212982,368.55563117129395,5.484306284842211,5626.917938886432,0.970065089424653,0.4408801695592043,M
0.550701486830915,1.3341605439123418,219.48935808534077,0.6035882138175076,273.38664508502967,5.666203353326335,5835.062620916617,0.5303910894686008,-0.37565415856912965,M
2.42529682935585,9.216334637911986,327.101810215035,0.13979542595873434,325.56469150791605,2.1388982066599613,3033.4547275074283,1.266543582017942,0.37513361862115213,K
2.1719602410244114,8.71197398441507,181.47499552280175,0.25612616820521195,398.2042097497676,4.955597187169294,3870.6695983221443,0.5804304246752112,0.47094024960461855,G
1.891948412187396,5.236496765548114,257.7875003834135,1.9389340662055579,182.8722799744954,6.401388376850254,5646.737153599426,1.197500333254403,-0.32284647677737444,G
1.3179058888285398,5.953626813874799,211.03466171350917,0.6613450772070985,218.68288137987986,4.492269651751593,4935.957472718988,0.7824966192671116,0.22206606420378527,K
0.8465886401416916,4.050126768314289,292.9042191803774,1.561523980892454,248.6440188994116,1.084721817432752,3021.253902673384,1.6647492305624563,-0.45971448122200154,M
0.8128740853421721,0.6421402243381102,33.57036283020524,1.2868607808231012,255.45704463470784,1.0632692835550452,6217.978569727289,1.6593227054568807,-0.09457717486084505,F
1.0004857963291907,3.4184526922944194,25.080481512234954,0.8256853153405022,252.75526881638643,3.499205407790085,6091.23829316135,1.0069657564325625,0.016283299197674017,G
1.598453329412241,8.048249141120314,99.59419037004844,0.4908057981715547,376.90275063913873,7.483358479022474,5193.6766519742505,0.7665563077365296,0.08064522590963408,G
1.9291918454001247,0.1458570277455683,64.65832736516215,0.33063419450287224,328.5081611167141,2.6007374572252613,3265.8533031050883,0.7888636134622796,0.4359372482485595,M
1.8203947534354625,3.4016417997423276,348.84164307028846,1.2685246392738467,301.97630352267595,5.44054582210181,6066.060198130339,1.630857598769614,0.17225068729419468,M
1.0598677938918857,4.041870066550339,88.46638095585968,1.5718041832117973,227.34317946569553,2.5545310948532443,5334.854350925456,0.7235410173154627,-0.018722048780763,G
2.409730561326388,5.420216469085436,390.3702370718334,1.3234180817281482,355.9475960553237,3.2516899276168405,6127.839908631837,0.49721281004300744,0.3096750362658893,M
1.975793833391537,9.206570602486329,135.42142091667162,1.1075740531734009,388.7651278712473,6.936294627210388,6006.9879695833615,0.260907849563083,0.45053282095440894,F
1.6087081050228014,3.5288253442230166,73.66504835979102,0.1797073245201089,355.2995706375566,6.102030095889628,6212.008287831348,0.9867169296803759,-0.47793385131770916,G
1.7234414924687045,3.5348366987726543,316.08970434984917,1.9401286774293292,150.39127629786822,1.6677949411924744,5072.0322656185,1.0160509879476995,0.4825212722560387,F
1.3392001248555798,7.401262356286509,263.82440242484955,1.6175569641436918,309.10034254585173,4.0009141469050356,3561.29807277406,1.6977265497655236,-0.41386786093631966,F
0.9954619790023149,4.576957614809091,199.78009086480245,0.656361869731833,162.7838453605252,1.2041883455168514,5684.629893518755,0.5203535232475215,0.31438677926876135,M
1.2119453573025232,2.3235877471058215,222.59005682411487,1.9619436257818161,214.40180508343047,4.3662310262210635,5481.895140207882,0.8238834199699597,-0.2196652474485875,F
2.015692220928738,4.579151209713665,287.9615095306333,1.2435750203090121,164.88117508694293,5.637038081907477,5969.012748796349,1.6359709038980128,-0.36782034224612825,M
0.5287869772595117,1.4944845017600188,92.15344179118819,1.2066030505937684,300.9488632373469,1.8295183651870608,3679.5240242029413,1.6648848604230497,-0.0601443602861651,K
0.7321452810138325,1.846231166411611,398.53723250664,1.521339040916111,321.64747837315167,3.0221945723641594,3779.900799601157,0.8307610443596595,0.14395657944761353,M
0.5920052840435055,5.033840950120849,389.9424716965665,1.6423625973712614,178.62190951647628,3.7848563785150984,6561.638068877313,0.9723356442446937,-0.11904815497652499,F
0.5814576046379403,4.247361950095024,260.4799488524278,1.347309353929855,245.95972076124485,7.436717172592348,5999.911193808283,0.6762431926136375,-0.44543459171730104,K
2.2109211680220144,9.15697442057419,80.6174379207289,0.34338191809578,264.0591272388855,7.952785107960748,6632.913954801292,1.8718542689966928,0.09946113965871661,M
1.9073157187600474,3.687699601254668,272.4110687300852,0.7427082613895469,242.26325544022916,1.314379092969311,6034.8612846556825,0.3254231549090026,0.4024032761106747,F
1.4483476581746504,5.84782466775263,29.80716518269116,1.8633589166194946,180.25625012129825,6.327055464467744,5388.621223961207,1.874123903702793,-0.1167846340527483,G
0.695668321302003,6.359416450403351,13.23034838011662,0.5267696625033187,254.73694754686886,3.6020684648164027,5616.530948111495,1.399346258487152,-0.28366722236917297,G
1.4832317502336647,0.229635120224503,103.81547251597426,0.8071173452912752,337.79451195210453,3.74720730360636,6556.51169576004,1.1099870901047892,-0.05742265406718461,M
1.4469435415611314,6.669019982965435,185.5865597389872,0.9209460775939723,167.75191613331387,6.279854813429159,5315.227018047763,0.16205221549054216,-0.45163728895121913,M
0.8464037398200304,1.8625560720105392,347.44072965794385,0.934869480419459,170.04500352047586,7.428985025017861,5529.565297313549,1.0036327644618157,0.3204875844802748,G
1.367703298475946,9.614596142947606,291.1404588367569,1.2645852067395986,238.69282295899606,7.6565001615178385,3625.9068640144023,0.8747213995051912,0.32634081095018674,F
1.2970094687947469,1.5717610047558184,297.33990195879244,1.8918440917149444,385.43142790473127,5.039858102268245,4895.6848804644105,0.40631574275273286,0.08800046342962842,F
1.731700196104433,4.204778824897534,170.77184044478207,0.5573161524817594,317.14316168072855,3.4998481151035197,5865.588447832396,1.347178246651248,-0.14689711106161052,F
1.7701873017352876,0.9449617139785742,139.02806202623822,0.33085261497174434,319.6674891681412,6.512843601011455,4083.7707932654616,1.9451867239997431,0.29978336444578335,M
0.590608019544089,9.969055093274878,149.0444664308565,0.47519393073388083,240.47999770946626,2.757009682836102,3809.01672209814,1.1681587410225978,0.05468702478836718,K
1.2492252292529424,5.071730602279302,395.0721759306871,1.7851573103976122,298.41519780213457,4.9485182018346245,4255.307232897662,1.458031225243497,0.3259323085500162,K
1.7517198314284728,5.9943116714684335,17.00356737358051,1.3270405440448914,152.53279600693585,3.5100492306741122,3966.0025119713337,0.2300558598754319,0.13145879258302062,K
1.5062725171601754,0.7640571261454321,346.94556695285695,0.6432228995544041,309.02401160238554,5.596417515955133,3859.6505481455833,0.8935672920522899,0.2844054732127973,K
2.2129796823766448,7.52460865695186,231.89148802038497,1.650299184040373,378.3217368940592,2.6827923902545483,4699.403371472348,0.3210811218125421,0.09856299321775996,K
1.81738726323789,2.178065371646299,176.0075522566466,1.7366029930905285,303.14336708620476,2.3411506201437806,6631.354055534137,1.2643120875193699,-0.08585893178433379,M
0.8258688541628594,8.990737465463067,290.37780650563946,1.7083772435115283,368.42464836658627,7.427673606728059,5028.238586954873,1.8831161006068937,0.45794585992613757,M
0.6411374948008597,2.130882440771871,195.18090762845642,1.8459604139151535,330.9932638665234,1.7126257806467584,3751.681523261292,1.357377691696113,0.04111382487884474,K
1.7848385564126312,1.9878084345702993,349.49587199458256,0.579257938329387,180.13960410092255,4.541705354144522,3307.8866775234965,0.2459257917974009,0.10508951854053838,M
0.5530226210832436,0.4618417116961393,360.38004374049217,1.5345796646179288,375.6133268214604,2.5459694807410624,5784.624580551701,0.7738657894716573,-0.27951236058525075,M
1.6715511625469266,4.773462756588993,169.2666498225087,0.9750250448208659,166.61096108894372,1.2725097432796721,4531.195057745552,1.146260420937618,0.12565078942727648,K
2.380460482849915,5.691927219299902,111.45429109678558,1.699797250491117,283.491868136941,1.2521317280399846,6287.323786341437,0.8660947366531792,0.07160764948294385,F
1.650948355751758,0.7505155303406884,237.34778110875152,1.4841322866070652,185.53428094836443,2.2265524047407914,5638.04307456308,1.6839236199028274,-0.31516160205297505,M
1.2763398524130438,7.777723405280605,365.0329749010597,1.5752501483494767,152.92665268272603,7.067392481542002,6184.965802165474,1.6478749089489795,-0.4404129026468563,F
1.7865764368847064,4.587559464005473,85.05421341326097,1.3467074915940358,255.50856503190977,2.9773512078391864,4087.784157673795,1.2624789381961208,0.10435931971477108,M
1.4165057809830333,5.291463666343042,249.56366684182962,0.4371146619924431,223.76017691353906,7.65321419402707,5769.435689844233,0.8095700957521399,0.26369226935032053,M
1.5912335786318699,4.463551194688458,252.9925278169157,1.135551145904183,271.50012344940075,5.071356050924355,4056.2479387748754,0.5851391101501638,0.023401370922008224,K
2.3829296175530503,4.0675543026657275,293.5120959436971,1.9708725050965656,294.2999716836377,4.056299328381362,6756.273917801167,0.30116120460494566,-0.2732273746803543,M
1.2722052756015485,5.640439279951357,53.49550636577666,1.881037326344526,160.93476807723684,5.060621842686182,5545.497126133498,0.7743055986244526,0.16652197669303492,G
2.4223811276478284,1.636878434714054,286.61416090815334,0.18203009801432218,180.7508237809364,4.6168886965838745,4298.047200701369,0.8850277826946671,-0.41989427339039775,G
2.3107012839121275,1.9010884919031843,363.70397574559075,0.4131481498859305,289.66059911260635,6.311433776301276,4078.0474491690907,1.3840635576977398,-0.05816629519804539,K
0.8915822695785929,8.631677648033822,72.69356043922654,0.35028466956366766,235.79183829316457,2.977472461809966,3763.7063402865742,1.3505036661653895,-0.3366332416015798,F
0.6387226017503309,9.466543075122964,95.77978664462718,1.4793618289720614,332.293371887362,3.4713527412021166,5778.563835574911,0.2332054653183882,-0.31554094894011664,F
0.7015560027548533,3.7957622311695545,388.58664252261417,1.6537921267281956,313.0729121479849,7.258660117732755,3874.8624519917093,0.8509926993191997,-0.29770605084179635,F
0.5364436513030995,2.7803722641211825,73.20980413108641,0.5056715959902767,361.4010907474767,7.6251955920528385,5381.213063709956,0.44537984771298766,-0.1132929429560221,G
0.6888859215118568,6.475595478066256,341.89965225446207,1.0611201166084752,323.12320666730636,7.247907592405322,4058.5401077014294,0.3979441401019308,-0.4488497943796024,F
1.8660135468327137,4.146468293871155,197.41886472276587,1.69733575322128,257.48276934753704,3.936135957701195,5647.875779175474,1.6718740845007674,-0.10220655907090181,F
0.642377296920458,0.3513249210374142,99.64519868686764,1.4923229350558762,318.2416555986081,6.462558521048171,6259.758914162157,0.1796389117608893,0.011707447114700842,K
1.1379512605875226,1.6459107139252847,348.42921060773205,1.1302506904345118,218.84529356385463,4.334350133107692,6112.1009725786125,0.8964474642140304,-0.016705715033674795,F
2.1897506219389093,7.188125065589236,178.67679674606353,1.2216606118716686,226.5783746945532,4.482778965022716,6043.405323723127,0.41958694595638457,-0.11721589959695944,G
0.5465438714716517,6.623347024910498,206.4121242179464,1.065885039140932,347.2462899801983,2.432760763400988,3750.8896227690084,1.7707274097891006,0.3391466080707525,G
2.1289369651778713,0.3682503257844866,144.3341143905065,0.665342057505759,261.6048791003956,5.137912122809615,3353.539787938075,1.1583769752225668,-0.3546733075794959,G
1.0637095495467999,2.2975244031361997,237.58738972253605,1.1735417864321307,349.59508512958814,2.3029512842734357,5795.795313949542,0.5396232091160112,0.00569674378137397,K
0.7363296552433125,2.387640486221907,66.24602516142409,1.4088820738951724,355.6055934170696,3.3209528934703565,4473.388855177405,1.054611845616115,-0.4379585830434457,K
1.8934743307283013,6.7517381616274115,157.04153312405253,1.7593135401355346,364.390584415321,6.985211411339546,4729.3849056133895,1.48982408343592,-0.42884432112209026,M
1.757885693559768,0.29513432376820514,387.7955166117797,1.3089535725605714,379.1588089603018,2.4495306644759864,3124.5963711735644,1.9204242169469241,0.0738658496770963,F
2.2549440270541057,1.130674961647281,103.99523964774988,1.5461309203820002,257.746305128324,1.4981079962140296,4038.3057971001967,0.5188474080662959,0.06601842488782095,K
1.9701420876077715,8.019169245194576,263.03792915197556,0.4041361064136887,229.71670458028473,1.4830531482897142,3134.705615497856,1.7837453670457557,0.37803351284445696,G
2.1069618607696974,1.8675921543379028,130.75083562565325,0.9769592013976007,295.54968664852845,7.585491643521755,6516.743090404991,1.8751778169182316,0.057873675660073176,G
1.064069145142613,6.562186467733559,309.61577714895367,0.11773007767147727,242.7931058594069,4.548443065732842,3973.586732874122,1.841199034610926,0.4597910204048502,K
0.8548790875594456,2.458009532362593,53.218590626621584,0.5686898425910837,300.2685417000582,3.8658845027191284,5229.348678292032,1.3072872780376288,-0.45130515160007023,K
2.0012295032817167,1.0844697883175172,387.95859698633933,1.4802772587147093,326.39646566095615,6.6761500670554295,3155.9172826445215,1.2966592434259447,-0.40199231521925893,K
2.1136694785345282,2.5074046908945955,182.06202701207206,1.9844389075637905,322.1012546230342,6.850781495373612,5667.389565222633,0.8661002030492632,-0.4559341384296186,M
2.4810102840013464,7.250442625371026,95.18413487523912,0.2884383892157102,243.63822175503034,3.3253372318092325,4292.109383016375,1.529555976377197,-0.31472314966646,G
1.325235353822853,8.571395034252228,30.32520218467505,0.8628392001364477,191.7150504246882,5.8553264023165665,6591.676747830663,1.1094586348667708,0.041270110941678095,M
1.2440361715855663,8.319176659213216,68.73340412992876,1.620134840528403,257.6323346155519,6.397859710963206,6552.472755736144,1.3871323353337595,0.145572181427428,M
2.0528259214839935,4.032116943222703,208.38980547385106,0.4876677057949078,185.6485360204772,5.582554808061682,4301.1624734469915,0.9140700173127113,-0.4544148420513312,F
1.1816070805060357,6.714042852049397,135.46426739608324,1.154661403674344,372.52425879595205,2.0611655236006956,6603.843582761871,1.4898432816819642,0.4459708898455993,G
2.3615146512071297,2.1293445246166276,331.7244629871612,1.4928354624563822,236.46936518446435,7.131181584619399,6984.6306939951155,1.6664958834486432,0.34216537665038105,G
2.2168255036860236,3.0021625295840315,172.92412194106058,1.2703723554943402,188.61493680583095,4.773661869152061,6301.662656495792,0.37822888754535067,-0.20338751784290687,K
1.3579880547500367,8.973724603359086,100.23699476246433,0.4572469957692906,156.36193997643772,2.977306984590026,6379.485391020916,1.6825664595910332,-0.42281246977353204,K
2.0017421355829947,0.22871904275628677,247.240849655008,0.7752306805029049,311.4555965716211,3.9765972980638575,3996.0349444363596,1.1265634104015838,-0.33011292678094273,F
2.0090857481693645,0.946534455459234,283.0041095372929,1.5892043905222548,309.2255793636858,1.2629976327923518,5306.809595431025,1.7048652272714262,-0.3730555862450273,M
0.7062477376718652,2.1580739259456707,67.649721252479,1.1530303768508317,235.15104164532292,1.895067608556923,3269.0236558694714,0.9194732420479277,-0.37671622070105315,K
2.305105813359133,0.3626688183508152,67.88006729903874,0.1099362657315342,167.92797221191276,6.358827253611026,3379.671747286679,0.8201769222277665,0.018561688665733933,K
1.5105047448957143,1.8962108073889936,15.631899346483646,1.5458824440533783,252.407223723808,1.0000814432875629,6995.570448133162,1.8386153917827226,-0.2541525575065997,G
2.1529149322154835,5.872111453599953,294.82440401119055,0.16709157438645422,227.8043737658484,3.9159607993760455,4306.556997703644,0.5772216083419625,-0.14186028347085555,G
1.1400992020612235,4.27210305086573,265.8580065211002,1.516894187189341,319.2801599337523,4.657571267599119,5992.735648195386,1.7040034180436718,0.48950533338432245,K
2.291046456992401,8.93744993966205,190.37771942417575,0.4847130643139511,301.44481236317256,1.382440940006806,6226.6602121072665,1.0196390877678678,0.18431424892534476,G
1.2784033574683262,8.192691261210564,337.82400913870964,1.9203396122268224,241.148432049385,7.81154714080633,6432.093084028917,1.0767813408473934,0.44898066704700135,F
0.5216753029605967,3.4839917818089723,322.4623910270712,0.7990874274739604,204.4731385637475,2.5828773187477037,6990.513189608626,0.6860897348300196,-0.3574434449668844,K
2.3107639528385273,2.668291990969796,234.55639139430411,0.7211700710423502,397.00899153889793,3.129391037453966,3965.985941027471,1.1887801811761298,-0.11786052516743073,G
0.6825733535722671,3.8589548408559424,347.4402409247902,0.3828872956316449,263.5004052990287,3.127597585785191,3161.403307438799,0.7179012729248014,0.054731803282354274,F
1.1386272751808297,5.943919930896596,83.13064280467053,0.6806480094314082,322.0685589450593,2.6129166348214494,4644.7660719783435,0.17461188705913938,-0.423241938111262,G
2.40012393410161,2.753830044146475,45.65592813969342,1.765636447473581,185.13824189459018,1.01031675460418,3520.322679315788,0.6167973501542764,-0.49581255637204213,G
2.401214293875112,6.279074187706427,108.63009499527885,1.99303524149177,271.39742491484947,6.105413558615974,3089.7035566482205,0.1121201824725223,0.17043433379691753,G
1.6468757762465722,4.15317535669328,23.777655579636626,0.7997881079630118,156.88417996736638,7.767918498594997,4441.707308565945,1.9588740954080277,0.14181951680143534,K
1.7636744243395985,5.565267090434604,212.93664167241178,0.9523601988136308,276.36377947761247,2.5700543829953153,6134.953004300945,1.9349196986575203,-0.08921119000038824,M
1.3968910439566395,4.417652638439635,374.7056712256896,1.4719347825852005,391.0043517794256,5.641330342623957,5264.722764900283,0.8507950651973796,-0.010355923967967362,G
1.086421543396129,3.015211019464985,16.698072726735347,1.7837719828836416,246.05167824645005,6.193274288711006,4251.111956841416,1.4839046232453275,-0.0845569994079104,F
1.157329090739832,9.489687738925351,49.721855690000694,1.2267842349548899,159.7490031437279,6.938977653633673,5617.3680219708785,0.7570315869798074,-0.47599495515511114,K
1.8450369121540768,7.659697362181632,181.42741228509067,0.8438988265378757,157.73894772983587,3.958404379095264,3928.072721235243,1.3750769984633546,-0.16462839378253757,K
2.00474905887536,1.4871204400878804,373.61613199363404,0.8839814976123851,246.99668998671737,3.1205163394830047,3057.52578428834,1.6303170817873602,-0.32291774460271017,F
2.083158087451697,8.697832961389336,127.14628588572346,1.421674478343933,190.00623411579852,3.277065938161218,6057.41354574571,1.8988368649152574,-0.40157581089863126,G
2.079236285589108,4.925568862670185,203.3866886666686,0.1061147008481295,155.83802408204647,5.98834933168959,5494.972339456037,0.8604033241143767,0.4567204338893498,M
0.6824122060973807,8.956067046251505,17.58757076110645,1.2772197411736974,339.0534034875442,6.717456265539452,6049.21049800384,1.5882661676164906,0.09935972504216561,G
1.488840609405163,8.018567033878421,60.188937183873456,0.775436719838579,264.6307522204727,2.271297774296219,3155.7520667506624,0.6052640562010256,0.22865628423660267,F
0.6151175200332886,4.309613694245411,394.6654190605799,1.6089749294264601,222.31119299316362,3.5965870571043563,6348.478511322609,1.981631377207932,-0.1846362567338825,K
1.599057764647471,0.32244615236916224,386.0823598779822,0.2766822156639511,375.0207957541202,7.31358137724405,5478.104800145213,0.14896223765226718,-0.1068528705059848,M
1.383061002746754,2.7599058579109665,2.971052392829437,1.217584307201942,179.0347400501314,6.646854637863175,5253.581402850561,1.2467047323521299,-0.2630760061032765,K
2.2754083655165998,5.462178725142582,380.77290238387235,1.0138484907836351,388.9797072388298,7.894008819337331,5498.456192458127,1.3530613651375216,-0.40303432903457526,F
1.2018300251041574,6.371434376278858,256.00885518838464,1.3204184992199322,228.4916793443382,6.279737817774565,6457.732987473457,1.407286558440845,-0.3209683625584162,G
0.7341340328552117,2.6530880857887027,347.2993995134888,0.22322182951763986,372.1009180771703,3.752366407195456,5347.746026235628,0.32873639969926916,0.29751404529648584,M
0.7859833641056717,1.4796251333209591,182.4412023979098,1.2019691961134495,300.7357191198654,5.134464837962464,5323.801519552717,1.8832065885989477,0.17754580518377583,K
2.0230212634349445,8.36580934431306,206.72281540312085,1.166820717123095,356.67683993537185,5.6270997797312425,6962.716628263063,0.44424823019515736,0.0469288759854769,K
1.7364361266325221,9.845581588965166,196.04978552251114,1.1652541793907247,396.0032908026161,1.5491907142198675,6026.9206682742715,1.283231466155698,-0.02491012713323193,K
0.7022453522455805,5.30433280479659,267.0788387608956,1.246626566533264,222.10135945468642,4.811478713727055,4769.175221804541,0.5230845503338614,0.42243428365612445,G
0.6682136122299949,1.7996249298982048,56.72085064776885,1.3852890807300882,390.28387135189826,5.965245799308267,5829.588000131711,0.6837111923404147,-0.4272650522213316,M
1.90193826291824,2.795842532541753,12.959462359198502,1.6294790993934625,247.3704737256051,2.171249128007423,4556.921886767153,1.1382712292834363,-0.21939918676208403,G
0.645526012728387,0.2820676978199207,123.86404669488518,0.6126593682436072,246.3779761842306,6.4644220219789,3915.501849933996,0.8926674952726953,-0.15006214642928595,G
2.1437201185807124,9.15155818494894,282.167624331922,1.667593879342118,235.0967760636264,5.086409463598781,5387.407507551037,0.404428641855362,0.28242581221278784,G
1.9124844543129924,1.2657357206123974,81.5395273970564,1.0466857963005618,285.35190183689633,7.665552499883162,6712.728392455806,0.42477916459961174,0.49251462016197134,F
0.6626975612837995,5.80751310759111,269.699540896642,0.2464107303552292,188.53626079462177,1.2969560874482418,6716.558080061851,0.8944750975093193,-0.25932948524284694,F
0.6696754281703838,2.8131466848033395,387.9949063968009,0.21124676556356048,288.42787133950276,2.8572829628882688,4367.621112421961,1.5388376587234514,0.3743073341370806,F
2.473279157002351,5.586362224906354,38.46638559997794,0.7350528055225155,285.426203102501,5.2108771550987685,5110.7098648867795,1.8061328290107983,0.3306227604317913,M
1.2485415915122406,6.549061844683456,269.3682451718254,1.5913042565117883,340.4754531512175,3.075919385441515,3846.5435942794447,0.25984255829282743,-0.2753426023582334,G
1.2412842941337818,8.314443856701295,178.0563375025239,1.4445937760077399,358.41249048439636,6.000969148498696,6982.524437995534,0.846897424362862,-0.10066741980077742,G
2.125599134515005,2.143570590429972,347.38875949662463,1.5983684328775722,260.110337578106,6.313036977653517,6924.4716314717425,0.29046657107346563,-0.09032713070748088,F
2.394497154767717,0.20885870371895673,71.68276598950698,1.0828112072390579,225.58331233787345,1.717611748465321,5598.035718829789,0.13152571320193598,0.4782206685265583,G
2.472002127645742,1.4551677376811922,277.3577549382396,0.936378096115432,214.83372432927362,4.596981249447374,6217.656238709893,1.3572654970235176,-0.3191080986211017,G
2.0067563705178832,9.01018455429624,335.40800056959597,0.38015980074193945,198.65595917621798,4.562233889137391,5860.4006451348,1.2446539397365168,0.29915797110478204,K
1.2525191710618315,8.751511767868902,377.9010735701353,0.7235662318576919,164.41189554975622,3.5849653915087876,5372.632876157873,0.40973631624828377,-0.16580728582689008,G
0.6670014333973375,6.014389711486052,273.61596328756866,0.924636795730363,235.61199470867834,7.530474037987704,3213.3919879555906,0.5442443828768218,0.2308703457761604,K
2.0542938318548734,6.045116918293168,199.3727308393625,0.2683408163912727,217.5619230326958,6.792544239112549,4819.057370210644,0.14504473192458492,-0.07998899570433715,G
1.61680849947161,6.68386307800793,247.52104884028432,0.5191627101513013,391.60434646660184,5.880465673367457,5699.145208669643,1.686399690819367,0.07835976311654003,M
1.3484440184939526,1.8361756583721511,347.69308880700856,1.2366280587211038,289.42720656251095,6.000286450144983,5710.126455534739,1.9519121324922477,0.3326117733261311,F
2.312708770189472,9.152678264657101,228.67328890889306,1.4977599170544607,236.81925975762687,4.232013006691833,4492.490473689534,0.3573731199099125,0.30416556498388414,K
0.7223949646123027,4.245828196431524,13.124436819037907,1.9968602716466044,295.11690024842403,7.446961647676031,6766.767946632122,0.5398029061540665,0.36642318353970016,F
1.4852502085817183,3.893071429670025,372.44852950728415,1.8729153295527596,184.79917533642387,5.862167990772997,3669.428128947124,1.7499780954991746,-0.440382674655341,K
0.5227072895348381,5.237285282300092,276.1211736615929,1.320873879116864,261.0109373005507,6.102867431590715,5001.437784862243,1.8602812161167512,0.19205055303974483,K
1.4373212839882525,0.564963071073045,270.92884092512134,0.9003713012587368,306.5585803552659,7.031836326511417,5763.535906203291,0.8972920273329396,-0.36001262327823713,K
0.6126065513636747,1.7462053506851862,87.05438580668915,1.3087369929456423,272.22445794811284,2.918501125395337,5788.543223567237,0.19618269731124083,-0.084181431981589,M
0.7376358325361438,7.406532802621068,263.89530262283023,1.5927380743524409,250.44470016358105,6.649496327066921,5594.555827075263,0.17484448401635688,0.04858841505468847,G
0.7350524935542098,0.9197068124587521,158.15189785600924,0.3248387627544359,398.46209722492455,2.3666842206954444,4101.152853807441,1.19050474553112,-0.09726051525316926,K
1.7984206042321271,6.071205883717243,260.84195783955533,0.8788192904229476,370.07869053723175,3.417393665714215,3624.826274746488,0.84650070689704,0.01961167580300749,M
1.9920897585308466,2.5289561858450775,43.5306190928883,1.6956243427076727,305.85148953986004,3.349273179888899,5543.761307306843,0.15443961239754359,0.49652630879861914,K
1.6667375301943193,3.954026579015568,263.48027653661137,0.8292826086727836,292.3443402955707,7.849678278723984,5397.208464557751,1.208179545393858,-0.3647826862871453,G
2.424345096949084,2.958067994029929,399.76607658249594,1.1865573153316544,305.165119956146,6.995760566235488,3717.424041156964,0.1214748195191427,0.17545604533642556,K
1.2497411590474081,3.6211598930029965,20.236603505361856,1.2167617856381767,200.32802695560832,5.908189031131818,5820.556582282254,1.5960067204836186,-0.10399903361438478,M
1.0714241725637215,7.218554461324031,390.8924995043056,0.4505048809539147,248.78443581607965,6.0893973313077305,4820.687966934625,0.6822223631364059,-0.3669902010926712,G
2.2371982563789206,3.041504984669433,163.35627632842537,0.7882473391393479,159.86488322272484,4.934509560817998,5671.042366412612,0.17649020571754098,-0.34126323662569047,M
0.9471916770389053,5.707405938939282,348.4306266845664,0.735571448609671,268.88650937170667,7.629634669759634,6349.468319080603,1.2178692198679912,0.4492731062456169,G
2.4264450788812226,4.812898981771086,313.1718081392511,0.1497737462109231,285.7561459894158,4.473811270176531,3678.9137143076928,0.8556003874228039,0.379601496711762,G
0.5243089493796327,6.670344537090217,227.23948813368045,0.14596435139357497,206.9374340258024,3.6636239690892616,3076.5794719873466,1.950220785378584,0.40704196041502183,F
2.439757653415278,9.374614419315105,295.6412344912793,1.6802243829839696,391.00721179137844,2.141247358521137,6116.410345583147,1.1339774587570342,0.4915327758273865,F
0.5863198239011522,7.352463762381478,351.5277089592378,0.6188345389483435,377.3636527343105,6.503439565827406,5438.789700610463,0.6229544439703157,-0.29168460999148205,F
2.282286227396142,2.227909748048492,162.25198833876215,1.0843496558537493,330.53580886397646,6.14110752452914,5798.558278488486,1.447933842804552,-0.14456066263593825,G
1.5554022181725997,0.40871303710671825,131.48623146373225,0.6675785898186688,283.3466571913407,3.6904852696689443,6352.61989995457,0.6158348048311515,0.1692190299248667,K
2.485929592238601,2.6964140385682684,267.3697608398703,1.887290565719147,367.49228991192126,1.1763538977146055,6211.243739298002,1.8180622536743738,-0.01619746013935275,M
0.6475931294707977,5.9912715139325226,323.3305308345622,0.5926638418449701,182.6630859558657,6.872981294026075,6843.680587715298,0.8119717439640152,-0.08161046662166649,M
1.6077085688026416,0.6091155534940784,305.1517687758697,0.9163479442039766,347.6274485687212,1.0799258841785155,5143.740315408473,1.14475026927479,-0.14218875066440695,M
2.438605071238198,5.014025847292239,319.32764589459515,1.7581874759207434,181.20520349171207,5.925898457403356,4953.9825306396215,0.19608889726603485,0.09378063194345221,F
1.5461956883402976,6.008744204277203,174.79774261036027,1.6996737769044363,348.55266563735137,7.7917997680824,4607.54879956292,0.9096303521092384,0.075593428640082,G
1.758797276270525,3.409014519087912,327.3158522538336,0.4535926939079269,218.94189206283926,4.063629297037425,3614.764171376818,1.6814907253558904,-0.3385421659357599,F
1.8914973779692343,7.732030817083637,48.96341309287277,1.6250222886118497,369.27264525454723,2.644813834971669,5290.428931528089,1.6307327301903496,-0.028260162481560935,K
1.4090821295355465,1.155322706024341,218.25115008637897,0.9705550848019959,386.01052345634946,5.934097070303672,4108.050097303915,0.5262052618216999,0.053471776209849886,G
1.7551161601681269,0.8438640391845067,3.2977055387505065,1.0176408569621749,187.19899235127892,6.719896994109096,6685.230048851901,0.529550234920069,0.07028693873139047,M
1.6686286238462005,7.309068686415673,130.50974613020784,0.35361194759029313,265.66890126634837,4.825012212544931,5332.76321710839,1.65288009320515,-0.2898928070876482,F
2.302316020981978,5.005364030441364,147.21815241368776,0.2531428761385368,395.2468445406713,7.7692469267930235,5371.360722032441,1.8677569983217184,0.24227139225228678,F
0.5908927606829157,6.915183724634587,159.0729039520929,1.4830846832501539,270.85185899328667,1.3616810516057276,4419.69864350804,0.28118575041870675,-0.47480090517893037,K
1.0619263791844606,4.404790652177088,278.491415469255,1.0432761894750695,365.8868806286363,4.533569188131697,3207.9574079108297,0.955111414909828,-0.14516814445683734,K
2.4008229681531175,2.5393801290671574,156.03468240686794,0.9300163349688411,297.1828805328299,6.02917763125785,3126.9750614919544,0.741163130032035,0.28021264853563355,F
2.2805275677818324,8.209112944974578,180.02875542638972,1.4860656344395538,243.83247697990046,7.038483298044253,4693.34057661279,1.7543080653691348,0.06389292105540234,K
1.4113135055714259,8.014217201792896,95.78010821885665,1.5544745080831086,221.44588888146757,2.25478928335453,3338.2615123889514,0.25869733789203564,-0.23883756748913976,M
1.7402651956030735,6.977495061458825,149.92746486010668,0.4019255185717717,200.80577277152182,6.60002437234577,5427.387822160556,0.5011392908602711,0.1949531193430477,K
1.0547623659622654,2.794236858576631,91.68058127799743,1.2594277840075185,340.4495478444243,4.868949530029817,6523.89202255863,1.5296898414143392,0.06739094415607338,K
0.8762423194475226,5.943283602003962,30.20517358360901,0.3571727563276025,246.635126705757,3.7758757739297426,6531.659266074888,0.1974583130643096,0.29624360945638717,F
1.4273968098799643,3.6736415797062656,241.7759887591698,1.5276126634551868,277.8188655501878,1.922005200053655,5636.18164052893,1.0358172233571497,0.23502518618982338,F
1.2067044560521056,1.006662525933678,267.6169066234515,1.348214796907565,273.08137000029546,7.057070312362387,3844.927325891724,0.9400033658914679,0.11010792203623465,G
1.6673122237017441,9.181404397076204,248.1766480578362,1.9175677800585702,294.3197573082828,2.1009124572580076,6451.987325435488,0.7353622400786224,-0.011822324689185981,G
0.6554692739299697,1.4545044460977181,185.93412347642837,0.23102023107720024,366.39428640613806,3.1685150144636944,6544.373741252833,0.8496873991059551,-0.3668178743324766,F
2.448789615332333,9.507349802825944,152.5345262915127,0.20840397018738321,395.18483589585736,3.030318723737058,3786.6143398118347,1.1068871151674426,-0.23866698211461623,K
2.4724214889592058,4.515457152283761,345.4701261791583,0.6361554419170802,251.89605214345426,7.09989823933598,5949.704343082709,0.40659798093792787,-0.08090052708291473,K
