pl_name,pl_rade,pl_bmasse,pl_orbper,pl_orbsmax,pl_eqt,pl_orbeccen,st_teff,st_rad,st_mass,st_met,habitability_score,stellar_compatibility_index,orbital_stability_factor
AU Mic b,3.95677019,32.295,8.46308,0.0649,600.0,0.00577,3678.0,0.744,0.51,0.23,0.5884488840117793,0.6910863582074052,0.99423
AU Mic c,2.52202066,32.295,18.85969,0.1108,459.0,0.00338,3678.0,0.744,0.51,0.23,0.7479710120775485,0.6910863582074052,0.99662
BD+05 4868 A b,3.2816,6.2,1.271869,0.0208,1820.0,0.046,4596.0,0.69,0.7,-0.05,0.6235908046388662,0.8184285491732135,0.954
DS Tuc A b,5.7,32.295,8.138268,0.06,850.0,0.0,5428.0,0.964,1.01,0.0,0.5591605949996061,0.9713091343407592,1.0
GJ 1252 b,1.193,1.32,0.5182331,0.06,867.5,0.0,3458.0,0.391,0.381,0.1,0.6631322065810269,0.6340208384335195,1.0
GJ 238 b,0.566,32.295,1.7446999,0.02123,758.0,0.046,3485.0,0.4314,0.4193,0.15,0.6308343583836381,0.6481707023049132,0.954
GJ 341 b,0.88,4.0,7.57686,0.06,867.5,0.0,3770.0,0.5066,0.48,-0.16,0.6619145689092464,0.6882499128331813,1.0
GJ 3473 b,1.264,1.86,1.1980035,0.01589,773.0,0.0,3347.0,0.364,0.36,0.11,0.66144685150903,0.6192510701117961,1.0
GJ 357 b,1.2,32.295,3.9306,0.036,518.0,0.046,3505.0,0.337,0.342,-0.12,0.7018954602664002,0.6250419142575242,0.954
GJ 367 b,0.699,0.633,0.3219225,0.00709,1365.0,0.06,3522.0,0.458,0.455,-0.01,0.661274817581535,0.6622224571398898,0.94
GJ 3929 b,1.09,1.75,2.616235,0.0252,568.0,0.0,3384.0,0.32,0.313,-0.02,0.6737298316780752,0.6069987536999533,1.0
GJ 806 b,1.331,1.9,0.9263237,0.01406,940.0,0.046,3600.0,0.4144,0.413,-0.28,0.6602846941143375,0.6545488097092709,0.954
HD 101581 b,0.956,32.295,4.46569,0.046,834.0,0.046,4675.0,0.63,0.653,-0.343,0.6373868121388591,0.8092374572511666,0.954
HD 101581 c,0.99,32.295,6.20401,0.0573,747.0,0.046,4675.0,0.63,0.653,-0.343,0.6379580516970065,0.8092374572511666,0.954
HD 108236 b,1.615,32.295,3.795963,0.04527,867.5,0.045,5660.0,0.877,0.869,-0.28,0.6277933477946765,0.9497327502429542,0.955
HD 108236 c,2.071,32.295,6.203449,0.062,867.5,0.034,5660.0,0.877,0.869,-0.28,0.6201320172501106,0.9497327502429542,0.966
HD 110113 b,2.05,4.55,2.541,0.035,1371.0,0.093,5732.0,0.968,0.997,0.14,0.6457878945518204,0.9956930318474173,0.907
HD 135694 b,2.857,32.295,15.923475568,0.124695,867.5,0.046,5712.0,1.08,1.02,0.06,0.6069263027588191,0.9888281812179616,0.954
HD 152843 b,3.05,9.82,11.62071,0.1049,867.5,0.046,6310.0,1.43,1.15,-0.16,0.6241805646102075,0.9135145661317963,0.954
HD 15337 b,1.77,6.519,4.7559804,0.06,867.5,0.058,5131.0,0.855,0.829,0.03,0.6486965197986311,0.8984532526205684,0.942
HD 15337 c,2.526,6.792,17.180546,0.06,867.5,0.096,5131.0,0.855,0.829,0.03,0.6357458680208085,0.8984532526205684,0.904
HD 15906 b,2.24,32.295,10.924709,0.09,668.0,0.11,4757.0,0.762,0.79,0.02,0.6172926206228482,0.8587891972492379,0.89
HD 183579 b,3.49,20.4,17.471291,0.1322,752.0,0.061,5784.0,0.96,0.996,-0.038,0.6071392403059933,0.9982904175847003,0.9390000000000001
HD 191939 b,3.41,10.0,8.8803256,0.0804,880.0,0.031,5348.0,0.94,0.81,-0.15,0.6179679882708087,0.9082263221537252,0.969
HD 207897 b,2.34302132,14.8,16.20166,0.117,581.75,0.0,5106.0,0.7827,0.8208,-0.03,0.631516938473062,0.8940229526925274,1.0
HD 21749 c,0.892,3.7,7.78993,0.0695,701.0,0.046,4640.0,0.695,0.73,0.003,0.6623897786849885,0.831177530990586,0.954
HD 219666 b,4.898,17.6,6.034468,0.06,1076.0,0.05,5540.0,1.059,1.02,0.06,0.5860367630643656,0.9762917380692735,0.95
HD 23472 b,2.0,8.32,17.667087,0.1162,543.0,0.072,4684.0,0.71,0.67,-0.2,0.6813842097735382,0.8153005586094852,0.928
HD 23472 d,0.75,0.55,3.97664,0.04298,909.0,0.07,4684.0,0.71,0.67,-0.2,0.6620559820768709,0.8153005586094852,0.9299999999999999
HD 23472 e,0.818,0.72,7.90754,0.068,723.0,0.07,4684.0,0.71,0.67,-0.2,0.6633534988211235,0.8153005586094852,0.9299999999999999
HD 23472 f,1.137,0.77,12.1621839,0.0906,630.0,0.07,4684.0,0.71,0.67,-0.2,0.6641551504798356,0.8153005586094852,0.9299999999999999
HD 235088 b,1.982,4.15,7.4341325,0.0706,867.5,0.0,5075.0,0.772,0.849,-0.02,0.6472951680868392,0.9007329431227235,1.0
HD 25463 b,2.54535814,8.7,7.0491423,0.076,1198.46,0.0,6353.0,1.4182,1.251,-0.018,0.633680559368785,0.8782557734107821,1.0
HD 25463 c,1.36354953,4.3,3.04405,0.0443,1585.57,0.0,6353.0,1.4182,1.251,-0.018,0.6575490576274322,0.8782557734107821,1.0
HD 28109 b,2.69,6.2,22.891054,0.06,867.0,0.0071,6189.0,1.425,1.227,0.1,0.633530372950632,0.8978427139667209,0.9929
HD 5278 b,2.45,7.8,14.339156,0.1202,943.0,0.08,6203.0,1.194,1.126,-0.12,0.6361034745097185,0.9289469877372978,0.92
HD 6061 b,2.42763557,10.0,5.2549,0.06,1075.31,0.0,5934.0,1.0072,1.0269,-0.05,0.6344728536511907,0.9800737579655636,1.0
HD 63433 b,2.14,21.755,7.1079475,0.06,967.11,0.046,5553.0,0.934,0.956,-0.07,0.6285850699037154,0.9696056721489033,0.954
HD 63433 c,2.692,15.539,20.5438281,0.06,678.92,0.046,5553.0,0.934,0.956,-0.07,0.624979732932526,0.9696056721489033,0.954
HD 63433 d,1.073,32.295,4.209075,0.0503,1040.0,0.16,5688.0,0.912,0.99,0.03,0.6368995783980862,0.9902595716585434,0.84
HD 63935 b,2.91575244,10.5,9.058807,0.083,825.22,0.0,5513.0,0.9598,0.9406,0.107,0.6258159293000468,0.9617920014243428,1.0
HD 73583 b,2.79,10.2,6.398042,0.0604,714.0,0.09,4511.0,0.65,0.73,0.0,0.6282023124159005,0.82177519862907,0.91
HD 73583 c,2.39,9.7,18.87974,0.1242,498.0,0.08,4511.0,0.65,0.73,0.0,0.7256565486070533,0.82177519862907,0.92
HD 86226 c,2.16,7.25,3.98442,0.049,1311.0,0.075,5863.0,1.053,1.019,0.018,0.6414774042431922,0.9877614077255766,0.925
HD 93963 A b,1.46954368,2.8,1.0376109,0.02061,1842.23,0.0,5908.0,1.0311,1.0844,0.11,0.6571362116561111,0.9636799976260951,1.0
HD 93963 A c,3.11976057,18.4,3.6451389,0.04726,1212.45,0.0,5908.0,1.0311,1.0844,0.11,0.615183665587906,0.9636799976260951,1.0
HIP 113103 b,1.829,32.295,7.610303,0.06899,721.0,0.17,4930.0,0.742,0.761,-0.1,0.6241978988110426,0.8621746081202384,0.83
HIP 113103 c,2.4,32.295,14.245648,0.10479,585.0,0.17,4930.0,0.742,0.761,-0.1,0.6146044344668601,0.8621746081202384,0.83
HIP 67522 b,9.9872018,32.295,6.9594731,0.0748,1175.0,0.064,5675.0,1.38,1.22,0.06,0.48713061670781155,0.9225181566628833,0.9359999999999999
HIP 67522 c,7.93595834,32.295,14.334892,0.1228,917.0,0.077,5675.0,1.38,1.22,0.06,0.5215938934061431,0.9225181566628833,0.923
HIP 8152 b,2.53625843,8.9,10.751014,0.093,794.96,0.0,5618.0,0.9603,0.9373,0.007,0.6336510478747074,0.968395444328222,1.0
HR 858 b,2.004,3.55,3.585287,0.04888,1552.0,0.0,6354.0,1.258,1.204,0.025,0.6474727341184766,0.8931319965281641,1.0
HR 858 c,1.979,3.8,5.973865,0.0687,1309.0,0.0,6354.0,1.258,1.204,0.025,0.6476647666936474,0.8931319965281641,1.0
HR 858 d,2.001,7.1,11.230511,0.1046,1061.0,0.0,6354.0,1.258,1.204,0.025,0.6442855871427269,0.8931319965281641,1.0
IRAS 04125+2902 b,10.73820351,32.295,8.834978,0.077,854.0,0.046,4080.0,1.45,0.7,0.06,0.47451291420815295,0.7808192197271493,0.954
L 168-9 b,1.63,4.07,1.40152604,0.0208,998.0,0.0,3842.0,0.604,0.614,-0.03,0.6532821365137577,0.7361185913842091,1.0
LHS 1478 b,1.242,2.33,1.9495378,0.01848,595.0,0.046,3381.0,0.246,0.236,-0.13,0.6613878436634778,0.5822890006602424,0.954
LHS 1678 b,0.685,32.295,0.8602325,0.01239,867.5,0.033,3490.0,0.329,0.345,0.06,0.6328336968371543,0.6249028182701651,0.967
LHS 1678 c,0.941,32.295,3.694284,0.0327,867.5,0.039,3490.0,0.329,0.345,0.06,0.6371347946867352,0.6249028182701651,0.961
LHS 1678 d,0.981,32.295,4.9652229,0.04,867.5,0.036,3490.0,0.329,0.345,0.06,0.6378068412257322,0.6249028182701651,0.964
LHS 1815 b,1.088,1.58,3.814334,0.06,867.5,0.0,3643.0,0.501,0.502,-0.12,0.6646592123737236,0.6859908085371553,1.0
LHS 3844 b,1.303,32.295,0.46292913,0.00622,805.0,0.046,3036.0,0.189,0.151,0.06,0.6330353107988533,0.5301076046558209,0.954
LHS 475 b,0.991,32.295,2.029088,0.06,586.0,0.046,3300.0,0.2789,0.262,0.06,0.6379748528604814,0.5846549306745599,0.954
LP 714-47 b,4.7,30.8,4.052037,0.0417,700.0,0.04,3950.0,0.584,0.59,0.41,0.5773251776145122,0.7363567237145676,0.96
LP 791-18 b,1.212,32.295,0.9479981,0.00978,564.3,0.046,2960.0,0.182,0.139,-0.09,0.6481058833417382,0.520751452162108,0.954
LP 791-18 c,2.438,7.1,4.9899093,0.02961,324.4,8e-05,2960.0,0.182,0.139,-0.09,0.9281471824078883,0.520751452162108,0.99992
LP 890-9 b,1.32,13.2,2.7299025,0.01875,396.0,0.046,2850.0,0.1556,0.118,-0.028,0.858497397916945,0.5060545701377607,0.954
LTT 1445 A b,1.34,2.73,5.3587635,0.0381,431.0,0.046,5300.0,0.271,0.257,0.06,0.8272006092982852,0.7288371946379424,0.954
LTT 3780 b,1.325,2.46,0.76837931,0.01195,903.0,0.0,3358.0,0.38,0.381,0.06,0.6598747889089737,0.6267322086959102,1.0
LTT 3780 c,2.39,8.04,12.252284,0.0757,359.0,0.024,3358.0,0.38,0.381,0.06,0.888050075074387,0.6267322086959102,0.976
LTT 9779 b,4.72,29.32,0.792052,0.01679,1978.0,0.0,5443.0,0.949,1.02,0.27,0.578338893694292,0.9692217672237924,1.0
NGTS-27 b,15.64773706,188.47224535,3.3704181,0.0446,1783.0,0.0,5700.0,1.77,1.07,0.0,0.24959556986059003,0.9720502377614078,1.0
NGTS-31 b,18.04645893,355.96781584,4.162734,0.064,1410.0,0.0,5710.0,1.7,0.96,0.0,0.056540628402523385,0.9823210854679931,1.0
TIC 434398831 b,3.51,32.295,3.685504,0.04641,1250.0,0.04,5638.0,0.909,0.992,-0.081,0.5959551430096929,0.9872513891052603,0.96
TIC 434398831 c,5.63,32.295,6.210291,0.06572,1050.0,0.013,5638.0,0.909,0.992,-0.081,0.5603366764428509,0.9872513891052603,0.987
TIC 88785435 b,5.03,32.295,10.508843,0.08432,635.0,0.131,3998.0,0.911,0.724,-0.08,0.5704173745278062,0.7824761311285693,0.869
TOI-1011 b,1.45,4.04,2.470498,0.06,867.5,0.0,5475.0,0.92,0.91,0.03,0.6563337055206486,0.9492894976965705,1.0
TOI-1054.01,2.43432,32.295,15.5077855,0.06,853.0,0.046,6122.0,1.17,0.8894500000000001,0.06,0.6140278185364006,0.939764899962166,0.954
TOI-1064 b,2.587,13.5,6.443868,0.06152,784.0,0.047,4734.0,0.726,0.748,0.05,0.6286033946468382,0.8437540337836335,0.953
TOI-1064 c,2.651,2.5,12.226574,0.09429,634.0,0.088,4734.0,0.726,0.748,0.05,0.6375599666993502,0.8437540337836335,0.912
TOI-1075 b,1.791,9.95,0.6047328,0.01159,1323.0,0.0,3875.0,0.581,0.604,-0.08,0.6452146712390534,0.7353431776200121,1.0
TOI-1117 b,2.46,8.9,2.22816,0.033,1538.0,0.0,5635.0,1.05,0.97,0.136,0.6349322782234785,0.9800352747423943,1.0
TOI-1130 b,3.66,19.8,4.074554,0.0453,825.0,0.052162,4360.0,0.697,0.745,0.11,0.6048302341433418,0.8155403600916921,0.947838
TOI-1130 c,13.0,336.0,8.3501898,0.0731,650.0,0.0398,4360.0,0.697,0.745,0.11,0.15953737928629733,0.8155403600916921,0.9601999999999999
TOI-1135 b,9.34085,32.295,8.0277283,0.082337403,1074.28,0.046,5962.7,1.15,1.156039,0.06,0.4979900789619238,0.9369071756837959,0.954
TOI-1136 b,3.2816,3.5,4.1727,0.05106,1216.0,0.027,5770.0,0.968,1.022,0.07,0.6260531669652524,0.9924194541502533,0.973
TOI-1136 c,3.2816,6.32,6.2574,0.0669,1062.0,0.11,5770.0,0.968,1.022,0.07,0.6234813663132489,0.9924194541502533,0.89
TOI-1136 d,3.2816,8.35,12.5199,0.1062,843.0,0.042,5770.0,0.968,1.022,0.07,0.6216300346382252,0.9924194541502533,0.958
TOI-1136 e,3.2816,6.07,18.801,0.06,737.0,0.0425,5770.0,0.968,1.022,0.07,0.6237093628249514,0.9924194541502533,0.9575
TOI-1173 b,9.19,27.4,7.06466,0.0696,868.0,0.023,5350.0,0.934,0.911,0.139,0.50498870617125,0.9404967766823196,0.977
TOI-1174 b,2.562,32.295,8.953487683,0.07994,867.5,0.046,5030.0,0.76,0.85,0.06,0.6118826459839223,0.8977711258985601,0.954
TOI-1180 b,3.072,32.295,9.686760378,0.080799,867.5,0.046,4738.0,0.73,0.75,0.06,0.6033140526117102,0.8446817112886594,0.954
TOI-1184 b,2.39,32.295,5.748433803,0.056027,867.5,0.046,4534.0,0.69,0.71,0.06,0.6147724461016094,0.8170902603135037,0.954
TOI-1194 b,8.71664516,120.0,2.3106446,0.034,1264.29,0.0,5394.0,0.9608,0.9835,0.348,0.42849171028515504,0.9667635702045267,1.0
TOI-1199 b,10.5140239,75.96098927,3.671463,0.04988,1486.0,0.03,5710.0,1.45,1.23,0.44,0.438456619549124,0.9218885154934384,0.97
TOI-1201 b,2.415,6.28,2.4919863,0.0287,703.0,0.0,3476.0,0.508,0.512,0.05,0.6380777340224917,0.676999458452956,1.0
TOI-122 b,2.72,32.295,5.07803,0.0392,471.0,0.0,3403.0,0.334,0.312,0.06,0.7307558399326618,0.6080655271923383,1.0
TOI-1224 b,2.104,32.295,4.1782745,0.0355,541.0,0.046,3326.0,0.404,0.4,0.06,0.6600868381146973,0.6304431041773307,0.954
TOI-1224 c,2.884,32.295,17.945466,0.06,867.5,0.0,3326.0,0.404,0.4,0.06,0.6064726713449962,0.6304431041773307,1.0
TOI-1230.01,3.23968384,32.295,25.05713123288,0.06,688.61,0.046,5696.0,1.15281,0.8894500000000001,0.06,0.6004967690037669,0.9588611098747024,0.954
TOI-1231 b,3.65,15.4,24.245586,0.1288,329.6,0.087,3553.0,0.476,0.485,0.041,0.8941961695692391,0.6740239170913731,0.913
TOI-1233.01,2.539,32.295,14.175685,0.1074,867.5,0.055,5660.0,0.877,0.869,-0.28,0.6122690727438455,0.9497327502429542,0.945
TOI-1235 b,1.69,6.69,3.444714,0.06,867.5,0.049,3997.0,0.619,0.63,0.33,0.6498846632626206,0.7525050260016766,0.951
TOI-1238 c,2.11,8.32,3.294736,0.037,695.0,0.15,4089.0,0.58,0.59,0.31,0.641341637346852,0.7464879190498446,0.85
TOI-1243 b,2.33,7.7,4.6594779,0.06,450.0,0.046,3515.0,0.511,0.515,-0.2,0.784044146064724,0.680796222523906,0.954
TOI-1244 b,2.467,32.295,6.400316483,0.060694,867.5,0.046,4599.0,0.721,0.73,0.06,0.6134787565140402,0.8281891927981662,0.954
TOI-1246 b,3.01,8.1,4.30744,0.049,955.0,0.046,5151.0,0.86,0.87,0.17,0.6264212271497174,0.9129516910362836,0.954
TOI-1246 c,2.45109846,9.1,5.904137,0.061,862.49,0.0,5213.0,0.8649,0.8889,0.168,0.6348994372428352,0.9234820918552809,1.0
TOI-1246 d,3.43139739,5.4,18.654874,0.132,587.77,0.0,5213.0,0.8649,0.8889,0.168,0.6218036230388068,0.9234820918552809,1.0
TOI-1248 b,6.8084859,27.4,4.3601561,0.051,952.09,0.0,5205.0,0.8686,0.9042,0.223,0.5450009138831899,0.9277654136900126,1.0
TOI-1249 b,3.2710301,11.9,13.079151,0.109,726.89,0.0,5497.0,0.9785,1.0062,0.297,0.6185700707898641,0.9775469402592007,1.0
TOI-125 c,2.759,6.63,9.15059,0.0814,827.8,0.066,5320.0,0.848,0.859,-0.02,0.631978938670734,0.9217707475574745,0.9339999999999999
TOI-1260 b,2.41,8.56,3.127463,0.0367,871.0,0.0,4227.0,0.672,0.679,-0.1,0.6360824116531402,0.7848541161284579,1.0
TOI-1260 c,2.76,13.2,7.493134,0.0657,651.0,0.0,4227.0,0.672,0.679,-0.1,0.6259703891797189,0.7848541161284579,1.0
TOI-1260 d,3.12,11.84,16.608164,0.1116,499.0,0.0,4227.0,0.672,0.679,-0.1,0.7102826417227774,0.7848541161284579,1.0
TOI-1266 b,2.52,4.46,10.8945,0.073,415.0,0.039,3563.0,0.4232,0.437,-0.109,0.824316019055411,0.659485604492615,0.961
TOI-1266 c,1.98,3.17,18.8027,0.105,346.0,0.071,3563.0,0.4232,0.437,-0.109,0.9144262204433664,0.659485604492615,0.929
TOI-1268 b,9.1,96.4,8.1577094,0.0711,918.9,0.105,5300.0,0.92,0.96,0.36,0.44357377365412104,0.9524377035437948,0.895
TOI-1269 b,2.40144286,6.4,4.2529913,0.0496,1004.9,0.0,5499.0,0.8521,0.9027,-0.049,0.638196071422267,0.9487168858819428,1.0
TOI-1273 b,11.09689089,70.55790635,4.631296,0.0549,1211.0,0.055,5690.0,1.06,1.06,0.07,0.4335913121987924,0.9745020363652549,0.945
TOI-1279 b,2.66146528,10.6,9.61419,0.085,759.0,0.0,5457.0,0.8426,0.8784,-0.079,0.6299970508401004,0.9379266537585591,1.0
TOI-128.01,2.21898,32.295,4.9404681,0.05381019,1344.51,0.046,6086.0,1.13,0.851969,0.06,0.6176457810790911,0.9304673690086722,0.954
TOI-1288 b,4.96846551,44.1,2.6998279,0.0374,1203.44,0.0,5388.0,0.9583,0.9552,0.257,0.5606852302710533,0.9573249801556392,1.0
TOI-1294 b,10.12369881,63.9,3.915292,0.051,1392.74,0.0,5718.0,1.5566,1.1578,0.283,0.4560139891195411,0.9454359824627779,1.0
TOI-1296 b,14.11645916,95.3,3.9443736,0.051,1414.84,0.0,5567.0,1.7031,1.1576,0.405,0.36029460789316453,0.93449376479054,1.0
TOI-1298 b,9.65807033,99.0,4.537143,0.057,1278.0,0.0,5752.0,1.4536,1.2187,0.397,0.4318263790875801,0.9285438875659315,1.0
TOI-1301.01,2.477,32.295,6.096407209,0.059866,867.5,0.046,4820.0,0.732,0.77,0.06,0.6133107448792908,0.8570197108287154,0.954
TOI-132 b,3.42,22.4,2.1097019,0.026,1395.0,0.059,5397.0,0.9,0.97,0.16,0.6064913496556186,0.9626883359668841,0.9410000000000001
TOI-1346 b,2.39,32.295,1.7622538,0.06,1324.0,0.046,5099.0,0.78,0.82,-0.01,0.6147724461016094,0.8932582956846861,0.954
TOI-1346 c,2.23,32.295,5.502558,0.06,928.0,0.046,5099.0,0.78,0.82,-0.01,0.6174606322575974,0.8932582956846861,0.954
TOI-1347 b,1.8,11.1,0.84742346,0.06,1400.0,0.0,5464.0,0.83,0.913,0.04,0.6440146768139479,0.9494419468987159,1.0
TOI-1347 c,1.6,6.4,4.841962,0.06,1000.0,0.0,5464.0,0.83,0.913,0.04,0.6516612439289388,0.9494419468987159,1.0
TOI-139 b,2.4566,32.295,11.07085,0.06,561.17,0.046,4570.0,0.7007,0.69,-0.238,0.6308178404660313,0.8133528438638269,0.954
TOI-1408 c,2.22,7.6,2.1664,0.03587,867.5,0.1353,6117.0,1.53,1.312,0.25,0.6401501393183133,0.8760549039681303,0.8647
TOI-1410.01,3.10083009,12.5,1.21687,0.0207,1236.7,0.0,4635.0,0.7558,0.7941,0.328,0.6208824373532223,0.8512011402161737,1.0
TOI-1411 b,1.19880592,2.0,1.4520527,0.02122,976.4,0.0,4115.0,0.614,0.6045,0.012,0.662414509858154,0.7529949220691547,1.0
TOI-1416 b,1.62,3.48,1.0697568,0.019,1517.0,0.0,4884.0,0.793,0.798,0.08,0.6539882199161248,0.8705902862780881,1.0
TOI-1420 b,11.89,25.1,6.9561063,0.071,957.0,0.17,5510.0,0.923,0.987,0.28,0.46172313269661375,0.9763316122523165,0.83
TOI-1438 b,3.04,9.4,5.13967,0.0553,971.0,0.0,5230.0,0.82,0.876,0.03,0.6247316103846169,0.92061810547556,1.0
TOI-1438 c,2.75,10.6,9.428089,0.083,794.0,0.0,5230.0,0.82,0.876,0.03,0.6285095645361736,0.92061810547556,1.0
TOI-1442 b,1.17,32.295,0.4090677,0.0071,1072.0,0.046,3330.0,0.31,0.29,0.06,0.6352698655410184,0.5957473720131455,0.954
TOI-1450 A b,1.13,1.258,2.0439274,0.06,722.0,0.046,3437.0,0.483,0.48,-0.12,0.6642472230148494,0.6639787758069422,0.954
TOI-1451 b,2.61143902,15.2,16.537944,0.127,723.33,0.0,5801.0,1.0162,1.0022,0.019,0.6266424143970747,0.997623869613276,1.0
TOI-1452 b,1.672,4.82,11.06201,0.061,326.0,0.0,3185.0,0.275,0.249,-0.07,0.9412443499645554,0.5721381464254186,1.0
TOI-1453 b,1.173,2.32,4.3135225,0.06,944.2,0.0,4975.0,0.72,0.715,-0.31,0.6625562438037157,0.8508234482451651,1.0
TOI-1453 c,2.224,2.95,6.5886982,0.06,819.8,0.0,4975.0,0.72,0.715,-0.31,0.6443236697820789,0.8508234482451651,1.0
TOI-1467 b,1.92,32.295,5.97114713,0.050748,867.5,0.046,3834.0,0.491,0.489,0.06,0.6226689929348243,0.6957772312850986,0.954
TOI-1468 b,1.401,3.04,1.8805201,0.02107,683.5,0.0099,3376.0,0.3714,0.3527,-0.01,0.6580689485777297,0.6190428897840488,0.9901
TOI-1468 c,2.126,4.1,15.532477,0.08608,338.1,0.111,3376.0,0.3714,0.3527,-0.01,0.9202686220710126,0.6190428897840488,0.889
TOI-1472 b,4.058,18.05,6.36338574,0.064,891.0,0.041,5100.0,0.84,0.87,0.27,0.5997393466622385,0.9092344898701028,0.959
TOI-1478 b,11.99360935,279.68899816,10.1802117,0.0818,867.5,0.055,5300.0,0.87,0.8894500000000001,0.06,0.2278007610765416,0.9299981361137695,0.945
TOI-1630.01,2.417,32.295,12.055734733,0.101151,867.5,0.046,5504.0,0.83,0.95,0.06,0.6143188146877864,0.9641258466309097,0.954
TOI-1634 b,1.773,7.57,0.9893455,0.06,867.5,0.0,3472.0,0.45,0.451,0.19,0.6476876189730093,0.6573058776400418,1.0
TOI-1659.01,2.255,32.295,5.877556328,0.065757,867.5,0.046,5977.0,1.006,1.1,0.06,0.6170406031707243,0.953689011046076,0.954
TOI-1669 c,2.2963977,13.0,2.6800535,0.0376,1285.16,0.0,5497.0,1.0561,0.9867,0.274,0.6339418444187324,0.975288670539099,1.0
TOI-1680 b,1.466,32.295,4.8026345,0.03144,404.0,0.046,3225.0,0.2106,0.1798,0.04,0.8293707952265145,0.553043420203414,0.954
TOI-1683.01,2.6382,32.295,3.0575356,0.036507593,929.25,0.046,4402.0,0.7,0.694661,0.06,0.610602397327133,0.8025904522659664,0.954
TOI-1685 b,1.421,3.07,0.66913923,0.01164,1000.0,0.046,3470.0,0.462,0.466,0.01,0.6577055657268268,0.6619310974117019,0.954
TOI-169 b,12.172974,251.40353,2.2554477,0.03524,1715.0,0.0,5880.0,1.288,1.147,0.24,0.2505831785596701,0.9458098724767987,1.0
TOI-1691 b,3.66,32.295,16.736888935,0.129365,867.5,0.046,5759.0,1.0,1.03,0.06,0.593434968488454,0.9890731756170298,0.954
TOI-1693 b,1.41,32.295,1.7666957,0.0226,764.0,0.046,3499.0,0.46,0.49,0.06,0.6312375863070363,0.6716783878218681,0.954
TOI-1694 b,5.3422266,31.3,3.770107,0.045,943.19,0.0,5058.0,0.8036,0.853,0.131,0.5660790304965618,0.9007661406983731,1.0
TOI-1695 b,1.9,6.36,3.1342791,0.033548,698.0,0.097,3690.0,0.515,0.513,0.0,0.6466573743283336,0.6929151922492007,0.903
TOI-1696 b,3.09,48.8,2.500311,0.0229,489.0,0.046,3185.0,0.2775,0.255,0.336,0.6886537464110113,0.5740465433719835,0.954
TOI-1716.01,3.143,32.295,8.082376554,0.080496,867.5,0.046,5879.0,1.24,1.07,0.06,0.6021211700049905,0.9703738529217576,0.954
TOI-1723 b,3.435,32.295,13.727012643,0.113496,867.5,0.046,5777.0,1.09,1.04,0.06,0.5972152302703123,0.9872044673921914,0.954
TOI-1728 b,5.05,26.78,3.49151,0.0391,767.0,0.057,3980.0,0.6243,0.646,0.25,0.5751109543064634,0.7563550174704561,0.943
TOI-1736 b,3.18175535,12.3,7.073076,0.073,1099.79,0.0,5636.0,1.4286,1.0373,0.148,0.6197051960400733,0.9777862780881164,1.0
TOI-1739 b,1.946,32.295,8.303341406,0.073872,867.5,0.046,4814.0,0.781,0.78,0.06,0.6222321626844763,0.8597630546220669,0.954
TOI-1743 b,1.83,32.295,4.266046,0.03589,485.0,0.046,3277.0,0.338,0.339,0.22,0.7295051717216418,0.6074696399824924,0.954
TOI-1749 b,1.39,57.0,2.38839,0.0291,831.0,0.14,3985.0,0.55,0.58,-0.26,0.6090429942901001,0.7357270825451228,0.86
TOI-1749 c,2.12,14.0,4.4929,0.0443,673.0,0.019,3985.0,0.55,0.58,-0.26,0.6359935449662235,0.7357270825451228,0.981
TOI-1749 d,2.52,15.0,9.0497,0.0707,533.0,0.062,3985.0,0.55,0.58,-0.26,0.6781296120479622,0.7357270825451228,0.938
TOI-1753 b,2.47852533,16.6,5.3846104,0.059,1005.43,0.0,5621.0,0.9715,0.9483,0.026,0.6275987385652866,0.9721128309557192,1.0
TOI-1759 b,3.14,10.8,18.85019,0.1177,443.0,0.0,4065.0,0.597,0.606,0.05,0.775709898756776,0.7498277064369914,1.0
TOI-1768.01,3.453,32.295,7.337703649,0.076381,867.5,0.046,5994.0,1.1,1.1,0.06,0.5969128093277636,0.9524499439906824,0.954
TOI-1772.01,2.905,32.295,8.054246874,0.078375,867.5,0.046,5583.0,0.995,0.99,0.06,0.6061198469120228,0.9826065104340537,0.954
TOI-1774.01,2.78,8.5,16.70988,0.06,824.0,0.05,5746.0,1.1303,0.991,-0.02,0.6299207003302264,0.9948050430641177,0.95
TOI-1775 b,8.04728896,96.0,10.2405549,0.08,707.89,0.0,5284.0,0.8288,0.9218,0.162,0.4616253383477438,0.9391213955593143,1.0
TOI-1776 b,1.21612741,1.4,2.799868,0.0378,1269.21,0.0,5785.0,0.9356,0.9196,-0.193,0.6626706803011205,0.9739172768343979,1.0
TOI-1777.01,2.246,32.295,14.650111974,0.119466,867.5,0.046,5859.0,0.98,1.06,0.06,0.6171918136419986,0.9750122404468875,0.954
TOI-178 b,1.2,0.96,1.9145601,0.06,867.5,0.046,4316.0,0.662,0.647,-0.23,0.6632699545298092,0.7811628795465841,0.954
TOI-178 c,1.754,4.64,3.238486,0.06,867.5,0.00032,4316.0,0.662,0.647,-0.23,0.6506789601961854,0.7811628795465841,0.99968
TOI-178 d,2.695,5.2,6.557569,0.06,867.5,0.0068,4316.0,0.662,0.647,-0.23,0.6343583531800672,0.7811628795465841,0.9932
TOI-178 e,2.301,3.48,9.96318,0.06,867.5,0.00038,4316.0,0.662,0.647,-0.23,0.6425466275897005,0.7811628795465841,0.99962
TOI-178 g,2.939,4.4,20.71663,0.06,867.5,0.00043,4316.0,0.662,0.647,-0.23,0.6309884581296331,0.7811628795465841,0.99957
TOI-1782.01,2.368,32.295,4.987641028,0.05024,867.5,0.046,4336.0,0.669,0.68,0.06,0.6151420716980577,0.793116788700213,0.954
TOI-1782.02,1.839,32.295,1.829024227,0.025739,867.5,0.046,4336.0,0.669,0.68,0.06,0.6240298871762934,0.793116788700213,0.954
TOI-1794 b,3.29701268,8.7,8.765528,0.082,992.91,0.0,5631.0,1.3162,0.9698,0.035,0.621051888565575,0.9796801163213377,1.0
TOI-1798.01,2.448,32.295,8.021522331,0.074984,867.5,0.046,5165.0,0.78,0.87,0.06,0.6137979786200637,0.9139720991995489,0.954
TOI-1798.02,1.464,32.295,0.437811822,0.010789,867.5,0.046,5165.0,0.78,0.87,0.06,0.6303303234793903,0.9139720991995489,0.954
TOI-1799 b,1.642,32.295,7.094570865,0.072502,867.5,0.046,5690.0,0.957,1.01,0.06,0.6273397163808536,0.9904053442532956,0.954
TOI-1801 b,2.079,5.738,10.64387,0.06,493.7,0.0,3863.0,0.547,0.556,-0.19,0.7394718510170671,0.7192013664789798,1.0
TOI-1803 b,2.99,10.32,6.293287,0.06,747.0,0.0,4687.0,0.715,0.756,0.014,0.6247326413952982,0.8428729070690435,1.0
TOI-1803 c,4.29,8.0,12.885779,0.097,588.0,0.0,4687.0,0.715,0.756,0.014,0.6050069365064937,0.8428729070690435,1.0
TOI-1806.01,3.4095367,32.295,15.1454693,0.087735044,337.47,0.046,3272.0,0.401575,0.392935,0.06,0.8737194322251122,0.6242601067144415,0.954
TOI-1807 b,1.49681583,2.44,0.54937097,0.0122,1694.1,0.0,4914.0,0.746,0.8048,0.044,0.6570063227824999,0.8749397250721445,1.0
TOI-181 b,6.9559,46.1687,4.532,0.0539,895.1,0.1543,4994.0,0.745,0.822,0.272,0.5254073929738229,0.8862413667757179,0.8457
TOI-1811 b,11.14172682,308.9292116,3.7130765,0.04389,962.2,0.052,4766.0,0.769,0.817,0.306,0.215446712061486,0.8680329601851646,0.948
TOI-1846 b,1.792,32.295,3.9306737,0.03646,568.1,0.046,3568.0,0.397,0.418,0.169,0.6339630603781333,0.6538067789820399,0.954
TOI-1853 b,3.46,73.2,1.2436258,0.0213,1479.0,0.03,4985.0,0.808,0.837,0.11,0.5594904119386866,0.8903563824657452,0.97
TOI-1855 b,18.49481816,360.09958513,1.36414864,0.02398,1701.0,0.033,5359.0,1.041,0.987,0.399,0.04523955574268471,0.9653257813485263,0.967
TOI-1860 b,1.31,32.295,1.0662107,0.0204,1885.0,0.046,5752.0,0.94,0.99,0.04,0.6329177026545288,0.9949242946906134,0.954
TOI-1883 b,5.65,32.295,4.50638,0.0468,524.92,0.046,3477.0,0.494,0.492,0.06,0.6191210235437229,0.6707110215951156,0.954
TOI-2000 b,2.7,11.0,3.09833,0.04271,1488.0,0.0,5611.0,1.134,1.082,0.439,0.628984828291196,0.9617465634018056,1.0
TOI-2000 c,8.14,81.7,9.127055,0.0878,1038.0,0.063,5611.0,1.134,1.082,0.439,0.4731090854781527,0.9617465634018056,0.937
TOI-201 b,3.2816,32.295,5.799258200000001,0.06,867.5,0.046,5300.0,0.87,0.8894500000000001,0.06,0.5997925287473659,0.9299981361137695,0.954
TOI-201 c,3.2816,32.295,5.799258200000001,0.06,867.5,0.046,5300.0,0.87,0.8894500000000001,0.06,0.5997925287473659,0.9299981361137695,0.954
TOI-2015 b,3.309,9.2,3.348237,0.029322,530.9,0.0789,3297.0,0.3273,0.3041,-0.31,0.6725935686932981,0.5978268570241619,0.9211
TOI-2019 b,5.33275337,34.4,15.3444,0.128,917.46,0.0,5626.0,1.7457,1.1832,0.409,0.563411035037317,0.9306515626970526,1.0
TOI-2031 A b,14.20177855,254.2627256,5.71548654,0.066,1358.0,0.076,6490.0,1.241,1.174,-0.24,0.21388935516414764,0.8927614448178399,0.924
TOI-2048 b,2.61,32.295,13.79019,0.06,867.5,0.13,5185.0,0.79,0.83,0.02,0.6110761901371258,0.9027071788366383,0.87
TOI-206 b,1.3,32.295,0.7363104,0.0112,910.0,0.046,3383.0,0.35,0.35,0.06,0.6330857142892782,0.6186943152397273,0.954
TOI-2068 b,1.821,32.295,7.768915,0.0632,520.62,0.046,3710.0,0.535,0.559,0.27,0.6884295303410641,0.70900396145372,0.954
TOI-2076 b,2.39,32.295,10.355235,0.06,738.0,0.0,5201.0,0.774,0.883,0.017,0.6147724461016094,0.9207308659559789,1.0
TOI-2076 e,1.355,32.295,3.0223445,0.0385,1138.0,0.046,5192.0,0.796,0.8557,0.02,0.6321616502981572,0.9113916831727238,0.954
TOI-2084 b,2.47,32.295,6.0784247,0.05006,527.0,0.046,3551.0,0.475,0.453,-0.13,0.6701413159865783,0.6637000274482749,0.954
TOI-2095 b,1.25,4.1,17.66484,0.101,347.0,0.0,3759.0,0.44,0.44,-0.24,0.9246855153491214,0.6747255172516116,1.0
TOI-2096 b,1.243,32.295,3.1190633,0.025,445.0,0.15,3300.0,0.235,0.231,-0.03,0.7856637509777192,0.5747948797839746,0.85
TOI-2096 c,1.914,32.295,6.38784,0.04,349.0,0.1,3300.0,0.235,0.231,-0.03,0.8855012813971553,0.5747948797839746,0.9
TOI-2107 b,13.57407563,263.79757781,2.4545467,0.03515,1397.0,0.033,5627.0,0.932,0.961,0.07,0.2157398423628427,0.9765895889435381,0.967
TOI-2128 b,2.08874836,4.5,16.34136,0.127,780.53,0.0,5968.0,1.1174,1.0251,-0.07,0.6451824763234156,0.9781681429387459,1.0
TOI-2134 b,2.69,9.13,9.2292005,0.078,666.0,0.06,4580.0,0.709,0.744,0.12,0.6308582538334795,0.8312572793566717,0.94
TOI-2136 b,2.19,6.37,7.851928,0.057,395.0,0.0,3342.0,0.34,0.34,0.03,0.851266657800878,0.6125253154696993,1.0
TOI-2141 b,3.147,20.1,18.261608,0.1322,728.0,0.046,5635.0,0.95,0.896,-0.14,0.6131756351919356,0.956498379068094,0.954
TOI-2154 b,16.28664896,292.40213444,3.8240801,0.0513,1580.0,0.117,6280.0,1.396,1.233,0.011,0.14407849788605065,0.8893016639589314,0.883
TOI-216.02,8.0,18.75187601,17.16073,0.06,867.5,0.16,5300.0,0.748,0.77,0.06,0.532869059116372,0.89200513356924,0.84
TOI-2169 A b,12.50922246,329.58805806,8.2148282,0.0896,1364.0,0.045,6270.0,1.82,1.42,0.123,0.1736306145478933,0.8305521554314201,0.955
TOI-2193 A b,19.83989584,298.75870258,2.1225735,0.03319,1763.0,0.0,5966.0,1.248,1.082,0.027,0.07858271473912652,0.9602159511569077,1.0
TOI-2194 b,1.9892,32.295,15.337597,0.06,590.88,0.046,4756.0,0.6909,0.74,-0.372,0.6215063524223595,0.842813003063821,0.954
TOI-2196 b,3.51,26.0,1.1947268,0.02234,1860.0,0.0,5634.0,1.043,1.032,0.14,0.6016960951743603,0.9793262561294964,1.0
TOI-220 b,3.03,13.8,10.695264,0.08911,805.0,0.032,5298.0,0.858,0.825,-0.217,0.6208868834134033,0.9093529996513328,0.968
TOI-2202 b,10.95117414,287.31687993,11.9126075,0.06,867.5,0.022,5169.0,0.808,0.841,0.059,0.2383583637108154,0.9050397258139897,0.978
TOI-2207 b,11.1529358,203.41018048,8.001968,0.0854,1259.0,0.174,6101.0,1.564,1.296,0.181,0.31149027221044184,0.8823101432503209,0.8260000000000001
TOI-2211.01,1.561,32.295,3.092686757,0.04011,867.5,0.046,5253.0,0.834,0.9,0.06,0.6287006106223226,0.9299280781014696,0.954
TOI-2266 b,1.54,32.295,2.326318,0.02,550.0,0.046,3200.0,0.24,0.23,0.06,0.6591460276478885,0.5671881838886046,0.954
TOI-2274 b,2.45,32.295,2.67963,0.05,771.46,0.046,3943.0,0.631,0.612,0.06,0.6137643762931139,0.742843975103673,0.954
TOI-2285 b,1.77,32.295,13.635109,0.06,358.0,0.046,3491.0,0.464,0.454,-0.05,0.8775039822708779,0.6596449157634701,0.954
TOI-2322 b,0.994,2.31,11.30717,0.0924,603.1,0.0,4664.0,0.662,0.703,-0.12,0.6653711579644964,0.8243390158680702,1.0
TOI-2328 b,9.97599282,50.85254512,17.10197,0.127,842.0,0.057,5525.0,0.9,0.95,0.09,0.47039471840069647,0.9656564588758076,0.943
TOI-2345 b,1.504,3.49,1.0528573,0.01705,1478.0,0.046,4687.0,0.729,0.727,-0.1,0.655928035018748,0.83364898849398,0.954
TOI-2345 c,2.451,7.27,21.064302,0.1257,544.0,0.046,4687.0,0.729,0.727,-0.1,0.6736070629880898,0.83364898849398,0.954
TOI-2364 b,8.60849718,71.51139158,4.0197517,0.04871,1091.0,0.0,5306.0,0.886,0.954,0.344,0.4745296564848794,0.9509666243814865,1.0
TOI-2368 b,10.83908434,206.58846455,5.1750073,0.05649,1000.0,0.061,5360.0,0.846,0.897,0.1,0.3138647911721082,0.9367727134474292,0.9390000000000001
TOI-237 b,1.44,32.295,5.436098,0.0341,388.0,0.0,3212.0,0.211,0.179,0.06,0.8483261439953811,0.5518414454113161,1.0
TOI-2374 b,6.81,56.64,4.31361,0.0471,885.0,0.13,4802.0,0.69,0.75,0.15,0.5183090032328557,0.8493464343207294,0.87
TOI-238 b,1.559,3.37,1.273099,0.0212,1378.0,0.046,5059.0,0.756,0.781,-0.114,0.6551134093532442,0.8779382636369706,0.954
TOI-2406 b,2.86,15.6,3.0766891,0.02267,449.0,0.17,3100.0,0.204,0.166,-0.26,0.7690922470606237,0.5395433200543032,0.83
TOI-2407 b,4.26,32.295,2.702969,0.033,705.0,0.08,3530.0,0.567,0.548,0.21,0.5833542704034987,0.6923857001906543,0.92
TOI-2411 b,1.68,32.295,0.7826942,0.0144,1355.0,0.046,4099.0,0.68,0.65,0.06,0.6267012721688064,0.7663007514892544,0.954
TOI-2421 b,10.36830715,105.83685953,4.3474032,0.0543,1534.0,0.0,5607.0,1.75,1.131,0.19,0.4136584536734907,0.9458697764820214,1.0
TOI-2427 b,1.8,32.295,1.3060011,0.0202,1117.0,0.046,4072.0,0.65,0.64,0.06,0.6246851325518153,0.7611521598824917,0.954
TOI-2445 b,1.25,32.295,0.3711281,0.0064,1060.0,0.046,3333.0,0.27,0.25,0.06,0.6339257724630244,0.5832433845948413,0.954
TOI-2458 b,2.83,13.31,3.73659,0.0482,1509.4,0.087,6005.0,1.31,1.05,-0.1,0.6246939892713251,0.967551502607586,0.913
TOI-2459 b,2.9531,32.295,19.104718,0.06,445.01,0.046,4195.0,0.6751,0.66,0.06,0.7569205072451751,0.7764784976149675,0.954
TOI-2498 b,6.06,34.62,3.738252,0.0491,1443.0,0.089,5905.0,1.26,1.12,0.167,0.5509918085898003,0.9525755013019384,0.911
TOI-251 b,2.74,317.83,4.93777,0.05741,867.5,0.0,5875.0,0.881,1.036,-0.106,0.34848810300956545,0.9814796474751296,1.0
TOI-2524 b,11.2089807,203.41018048,7.18585,0.073,1100.0,0.0,5831.0,1.119,1.007,0.06,0.31054865268360604,0.9939105631347414,1.0
TOI-2545 b,2.75,32.295,7.994037,0.06,867.5,0.046,5846.29,1.25324,1.055,-0.2729,0.6087240272506361,0.9775289560753417,0.954
TOI-2567 b,10.92875618,63.88350981,5.983944,0.0672,1352.0,0.0,5611.0,1.686,1.13,0.241,0.44250312746266673,0.9464793878292865,1.0
TOI-2570 b,13.64132951,260.61929374,2.9887615,0.04145,1431.0,0.0,5771.0,1.095,1.063,0.191,0.21750844965527738,0.9794516279794361,1.0
TOI-2583 A b,14.4595851,79.45710175,4.5207265,0.0571,1456.0,0.0,5936.0,1.477,1.215,0.158,0.3689781950277636,0.9200997410960021,1.0
TOI-2587 A b,12.07207221,69.28659273,5.45664,0.0635,1445.0,0.0,5760.0,1.726,1.15,0.13,0.41836655170633796,0.9509781229831082,1.0
TOI-261.01,3.0449863,32.295,3.3639254,0.034792189,1722.49,0.046,5890.3,1.28018,0.496728,0.06,0.6037679142014728,0.8317410774560643,0.954
TOI-261.02,3.34822227,32.295,13.03935862135,0.06,1007.53,0.046,5890.3,1.31383,0.8894500000000001,0.06,0.5986731970980252,0.9566526550642067,0.954
TOI-270 b,1.28,1.48,3.35992,0.06,600.0,0.0167,3506.0,0.38,0.386,0.06,0.6615245875912189,0.6391097114963762,0.9833
TOI-270 c,2.33,6.2,5.66051,0.06,489.0,0.0044,3506.0,0.38,0.386,0.06,0.7402732362460496,0.6391097114963762,0.9956
TOI-270 d,2.0,4.2,11.38194,0.06,383.0,0.0066,3506.0,0.38,0.386,0.06,0.8703267774715796,0.6391097114963762,0.9934
TOI-2714 b,13.72,228.0,2.499387,0.036,1603.0,0.164,5665.0,1.25,1.07,0.3,0.24593503463980326,0.9694992173532444,0.836
TOI-2719 b,5.98,32.295,3.37594,0.06,1710.0,0.046,5762.0,1.69,1.02,0.27,0.5544562692266269,0.9924724960867661,0.954
TOI-2768 b,2.63,32.295,1.50801,0.027,855.0,0.046,4008.0,0.657,0.63,0.06,0.6107401668676272,0.7533067752728135,0.954
TOI-277 b,2.65,32.295,3.994,0.0269,867.5,0.046,4031.0,0.362,0.16,-0.01,0.6104041435981288,0.605492065964881,0.954
TOI-2796 b,17.26183028,139.84449908,4.8084983,0.0569,1205.0,0.0,5764.0,1.069,1.063,0.239,0.2668247518936458,0.9789414238978034,1.0
TOI-2803 A b,18.11371281,309.88269682,1.96229325,0.03185,1893.0,0.0,6280.0,1.245,1.118,-0.105,0.09743967048212672,0.9258792721014251,1.0
TOI-2818 b,15.27784069,225.65816897,4.039709,0.0493,1376.0,0.0,5721.0,1.229,0.977,-0.02,0.2218972157625687,0.9885299594210639,1.0
TOI-283 b,2.34,6.54,17.61745,0.123,661.0,0.0,5213.0,0.85,0.8,-0.09,0.6391007049109406,0.8952060104303445,1.0
TOI-2842 b,12.84549188,117.59651059,3.5514058,0.0475,1471.0,0.0,5910.0,1.265,1.135,0.233,0.3613142303851002,0.9474400774486458,1.0
TOI-286 b,1.42,4.53,4.5117244,0.0503,979.0,0.0,5152.0,0.78,0.832,-0.05,0.6563908672619596,0.9009380633387487,1.0
TOI-2876 b,9.6397234,54.03082919,6.2996431,0.0654,929.0,0.13,5271.0,0.873,0.939,0.353,0.4731458851730972,0.943644611606911,0.87
TOI-2986 b,9.292245,96.61983573,3.2783662,0.04489,1622.0,0.14,5906.0,1.458,1.122,0.095,0.4401433468635338,0.9518664826890406,0.86
TOI-3023 b,16.43236571,197.05361234,3.9014971,0.0505,1596.0,0.0,5760.0,1.668,1.12,0.085,0.2285868086873963,0.9605201077159325,1.0
TOI-3082 b,3.6621,32.295,1.926907,0.06,1032.78,0.046,4263.0,0.6847,0.664,0.17,0.5933996860451567,0.7827070304675852,0.954
TOI-3235 b,11.39953337,211.35589065,2.59261842,0.02709,604.0,0.029,3388.8,0.3697,0.3939,0.264,0.3001007693173182,0.6330801600902083,0.971
TOI-3261 b,3.82,30.3,0.8831331,0.01714,1722.0,0.0,5068.0,0.849,0.861,0.138,0.5925661944958515,0.9040395329342206,1.0
TOI-332 b,3.2,57.2,0.777038,0.0159,1871.0,0.0,5251.0,0.87,0.88,0.256,0.5784504911911231,0.9234209823515012,1.0
TOI-3321 b,15.55806521,176.07693748,3.6525145,0.047,1616.0,0.054,5850.0,1.549,1.041,-0.103,0.26240650909489005,0.9817114741207279,0.946
TOI-333 b,4.26,20.1,3.7852503,0.049,1445.0,0.0,6241.0,1.1,1.2,0.01,0.5944759402443437,0.902640412762706,1.0
TOI-3353.01,2.6667555,32.295,4.6657965,0.060118218,1264.36,0.046,6365.0,1.0207,1.332089,0.06,0.6101226317035247,0.8515894711756022,0.954
TOI-3474 b,14.67255574,193.87532827,3.8795105,0.0502,1451.0,0.13,6020.0,1.256,1.121,0.146,0.26105221440280757,0.9438755109459269,0.87
TOI-3486 b,10.5700688,99.16246298,2.21778105,0.03138,1190.0,0.078,4930.0,0.788,0.837,0.283,0.4163555797333451,0.8863476361100602,0.922
TOI-3493 b,3.22,8.97,8.1594667,0.06,1102.0,0.046,5844.0,1.228,1.023,0.03,0.6220995549592585,0.9878739827446792,0.954
TOI-3568 b,5.3,26.4,4.417965,0.0485,899.0,0.035,4969.0,0.719,0.78,-0.01,0.5712572181355198,0.8710604307153614,0.965
TOI-3629 b,8.29464572,82.63538582,3.936551,0.043,690.0,0.05,3870.0,0.6,0.63,0.4,0.46965779863951146,0.7432484662349128,0.95
TOI-3688 A b,13.08088048,311.47183886,3.246075,0.0456,1534.0,0.0,5950.0,1.302,1.199,0.262,0.18054783383346787,0.9241683914569099,1.0
TOI-3693 b,12.59889431,324.18497514,9.088516,0.0813,801.0,0.0,5321.0,0.791,0.867,0.071,0.17705155936974035,0.9243881631169371,1.0
TOI-3714 b,11.32107051,222.4798849,2.154849,0.027,750.0,0.03,3660.0,0.51,0.53,0.1,0.29127410911409657,0.6961357280098517,0.97
TOI-3757 b,12.0,85.3,3.438753,0.03845,759.0,0.14,3913.0,0.62,0.64,0.0,0.40497344469642543,0.7495632385996929,0.86
TOI-3785 b,5.14,14.95,4.6747373,0.043,582.0,0.11,3576.0,0.5,0.52,0.099,0.5843876445274794,0.6868326174526518,0.89
TOI-3807 b,18.49481816,330.54154328,2.8989727,0.0421,1646.0,0.0,5772.0,1.468,1.181,0.278,0.07219607748090313,0.941992707661036,1.0
TOI-3819 b,13.13692538,352.78953177,3.2443141,0.04611,1633.0,0.0,5859.0,1.538,1.242,0.273,0.1419250548863422,0.9171241997344194,1.0
TOI-3884 b,6.43,32.59,4.5445828,0.0361,441.0,0.06,3180.0,0.302,0.298,0.04,0.7028767097791017,0.587358956668818,0.94
TOI-3894 b,15.27784069,260.61929374,4.33454,0.05354,1531.0,0.05,6000.0,1.502,1.138,0.021,0.19001315779155423,0.939926112211515,0.95
TOI-3912 b,14.28024141,129.03833324,3.4936264,0.0463,1512.0,0.0,5725.0,1.392,1.088,0.187,0.32677398637912614,0.9681472043561155,1.0
TOI-3976 A b,12.27383387,55.61997123,6.607662,0.0743,1295.0,0.0,5975.0,1.501,1.254,0.182,0.4274404891887356,0.9048525953456628,1.0
TOI-3980 b,14.4595851,187.51876013,3.6089254,0.0494,1621.0,0.16,5840.0,1.626,1.24,0.188,0.27042747039008247,0.9191451717000868,0.84
TOI-4010 b,3.02,11.0,1.348335,0.0229,1441.0,0.03,4960.0,0.83,0.88,0.37,0.6236084559792198,0.902211069815058,0.97
TOI-4010 c,5.93,20.31,5.414654,0.058,907.0,0.03,4960.0,0.83,0.88,0.37,0.566226480171388,0.902211069815058,0.97
TOI-4010 d,6.18,38.15,14.70886,0.113,650.0,0.07,4960.0,0.83,0.88,0.37,0.545756358227571,0.902211069815058,0.9299999999999999
TOI-406 c,1.32,2.08,3.307441,0.0322,584.0,0.032,3392.0,0.41,0.408,-0.02,0.660305349424136,0.6377981290662393,0.968
TOI-406.01,2.08,6.57,13.175682,0.0809,368.0,0.056,3392.0,0.41,0.408,-0.02,0.8841823885737576,0.6377981290662393,0.944
TOI-4087 b,13.04725353,232.01473711,3.1774835,0.04469,1458.0,0.0,6060.0,1.112,1.178,0.237,0.253576573833523,0.9228302880585167,1.0
TOI-411 b,1.362,13.71,4.040295,0.05727,1241.0,0.046,6169.0,1.117,1.098,-0.08,0.6489933028337919,0.9403309742653877,0.954
TOI-411 c,2.328,9.72,9.573083,0.1017,931.0,0.046,6169.0,1.117,1.098,-0.08,0.6364022032437847,0.9403309742653877,0.954
TOI-4145 A b,13.30506009,136.66621501,4.0664428,0.04823,1074.0,0.0,5281.0,0.859,0.905,0.168,0.3362016454131853,0.9335592252168043,1.0
TOI-4153 b,16.11851425,365.50266805,4.6174141,0.06311,1669.0,0.039,6860.0,1.605,1.572,0.317,0.08023668996790319,0.7392031839998814,0.961
TOI-4155 b,3.21,32.295,3.320729,0.06,1255.0,0.046,5724.0,0.95,1.16,0.11,0.6009954920521705,0.9451735546999607,0.954
TOI-4184 b,2.43,32.295,4.9019804,0.0336,412.0,0.046,3238.0,0.2347,0.2109,-0.27,0.8039152143774272,0.5638827995756646,0.954
TOI-421 b,2.64,6.7,5.197576,0.0554,922.0,0.13,5291.0,0.866,0.833,-0.044,0.6339144381009735,0.9113873248317865,0.87
TOI-4214 b,10.68215861,165.27077164,3.4913885,0.05018,1642.0,0.17,6370.0,1.434,1.382,0.294,0.35418248543555003,0.8353500396887217,0.83
TOI-4308 b,2.4189,32.295,9.151201,0.06,763.05,0.046,5243.0,0.7934,0.9,0.06,0.614286892477184,0.9291992151277086,0.954
TOI-431 b,1.28,3.07,0.490047,0.0113,1862.0,0.0,4850.0,0.731,0.78,0.2,0.6600745297767914,0.8623869613276063,1.0
TOI-431 d,3.29,9.9,12.46103,0.098,633.0,0.0,4850.0,0.731,0.78,0.2,0.6200753264924806,0.8623869613276063,1.0
TOI-4336 A b,2.12,32.295,16.336334,0.0872,308.0,0.046,3298.0,0.328,0.331,-0.209,0.9294939454250244,0.6064557229653039,0.954
TOI-4342 b,2.266,32.295,5.5382498,0.05251,633.6,0.046,3901.0,0.599,0.6296,0.06,0.6168557903725002,0.7453807149904673,0.954
TOI-4342 c,2.415,32.295,10.688716,0.0814,508.9,0.046,3901.0,0.599,0.6296,0.06,0.6920144540517733,0.7453807149904673,0.954
TOI-4438 b,2.52,5.4,7.44628,0.0534,435.0,0.14,3422.0,0.372,0.368,-0.19,0.8003106040232616,0.6272620716770896,0.86
TOI-4443.01,1.7193265,32.295,1.8498567,0.029962645,1638.82,0.046,5834.0,1.01733,1.049133,0.06,0.6260405412134098,0.9802908228176767,0.954
TOI-4463 A b,13.26022417,252.35575516,2.8807198,0.04036,1395.0,0.0,5640.0,1.062,1.056,0.25,0.23144769465601842,0.9721299861274935,1.0
TOI-4479 b,2.82,32.295,1.1589,0.0164,861.0,0.046,3400.0,0.451,0.452,0.0,0.6075479458073915,0.6523761303867239,0.954
TOI-4495 b,2.483,7.7,2.56699,0.03957,1735.0,0.078,6210.0,1.309,1.247,0.18,0.6356402347197269,0.8899507785666065,0.922
TOI-4495 c,4.03,23.2,5.18553,0.06323,1365.0,0.023,6210.0,1.309,1.247,0.18,0.5955130510984663,0.8899507785666065,0.977
TOI-4504 b,2.691,32.295,2.42614,0.03392,867.5,0.0,5315.0,0.92,0.89,0.16,0.6097152958956568,0.9312663669611793,1.0
TOI-451 b,1.91,32.295,1.858703,0.0283,1491.0,0.0,5550.0,0.879,0.95,0.06,0.6228370045695736,0.96747861631021,1.0
TOI-451 c,3.1,32.295,9.192522,0.0823,875.0,0.0,5550.0,0.879,0.95,0.06,0.6028436200344123,0.96747861631021,1.0
TOI-451 d,4.07,32.295,16.364988,0.1208,722.0,0.0,5550.0,0.879,0.95,0.06,0.5865464914637346,0.96747861631021,1.0
TOI-4527.01,0.9086617,32.295,0.3994445,0.008332353,1362.93,0.046,3702.0,0.485948,0.483901,0.06,0.6365914736219339,0.6845344206930318,0.954
TOI-4529 b,1.77,4.9,5.879577,0.06,511.0,0.046,3697.0,0.48,0.482,-0.24,0.7254045066898976,0.683565345440248,0.954
TOI-4559 b,1.415,32.295,3.965991,0.0359,554.16,0.046,3558.0,0.374,0.392,-0.09,0.6564313582674395,0.6448081959064978,0.954
TOI-4602.01,2.550449,32.295,3.9812091,0.05099712,1380.27,0.046,6011.9,1.15664,1.116795,0.06,0.6120767162232211,0.9458033581480575,0.954
TOI-4638.01,2.933,32.295,10.283918787,0.093013,867.5,0.046,5700.0,0.895,1.02,0.06,0.6056494143347249,0.9879535456494484,0.954
TOI-4666 b,12.44196858,222.4798849,2.9089168,0.0333,713.0,0.0,3512.0,0.59,0.58,0.19,0.27244171740129813,0.7012518638862306,1.0
TOI-469.01,3.41,9.1,13.6308205,0.111,716.0,0.046,5289.0,0.98,0.901,0.24,0.6187887757129374,0.9328700509647698,0.954
TOI-470 b,4.34,32.295,12.19148,0.119,660.0,0.046,5190.0,0.831,0.87,0.1,0.5820101773255048,0.9157942566339512,0.954
TOI-4794 b,14.35870428,308.29355479,3.5658116,0.0492,1673.0,0.1,6390.0,1.451,1.25,-0.102,0.16197745800215513,0.8758770465656274,0.9
TOI-480 b,2.85372018,20.8,6.866196,0.077,1198.94,0.0,6174.0,1.4877,1.2793,0.164,0.6174646871588855,0.8823011483764716,1.0
TOI-4860 b,8.7,86.7,1.5227591,0.01808,694.0,0.008,3260.0,0.358,0.34,0.27,0.45914050369814574,0.6065486390848598,0.992
TOI-500 b,1.166,1.42,0.548177,0.01189,1617.0,0.063,4440.0,0.678,0.74,0.12,0.663494639390169,0.8197809330929755,0.937
TOI-5005 b,6.25,32.7,6.3085044,0.06614,1040.0,0.046,5749.0,0.93,0.97,0.15,0.5495506007394392,0.9883443126432689,0.954
TOI-5082.01,2.54811,32.295,4.240122,0.051204842,1164.91,0.046,5670.0,0.93,0.99665,0.06,0.6121160141445889,0.9910627582548832,0.954
TOI-5108 b,6.6,32.0,6.753581,0.073,1180.0,0.046,5808.0,1.29,1.1,0.2,0.5443085837559821,0.9660067953026357,0.954
TOI-512 b,1.54,3.57,7.18886,0.06,1009.0,0.02,5277.0,0.89,0.74,-0.11,0.6552502342499059,0.8807867639967656,0.98
TOI-5126 b,4.74,32.295,5.4588385,0.06519,1442.0,0.0,6150.0,1.241,1.24,0.18,0.5752897119355346,0.8965504195134979,1.0
TOI-5143 c,16.25302201,32.295,5.2097118,0.05602,867.5,0.046,5183.0,0.852,0.864,0.107,0.3818575470551098,0.9133756556057537,0.954
TOI-5174 b,5.351,32.295,12.214286,0.06,867.5,0.046,5643.77,1.09457,1.0,0.415,0.5650242010523551,0.990216472303207,0.954
TOI-5181 A b,13.34989601,330.54154328,3.8922295,0.0522,1585.0,0.15,6060.0,1.53,1.25,0.208,0.15863675558881807,0.8999295246997381,0.85
TOI-5205 b,11.6,343.0,1.630757,0.0199,737.0,0.02,3430.0,0.394,0.392,0.0,0.17667510582352475,0.635478749842358,0.98
TOI-521 b,1.98,5.3,1.54285047,0.0195,794.0,0.0,3544.0,0.421,0.42,-0.12,0.6462799864599579,0.6526936401605352,1.0
TOI-5210 b,10.72699453,81.99972901,4.5661061,0.0557,1286.0,0.066,5723.0,1.209,1.105,0.324,0.42937121879594065,0.9625943070794294,0.9339999999999999
TOI-5238 b,5.22,32.295,4.872171,0.06,867.5,0.046,5631.0,1.02283,1.0,0.06,0.5672251534675704,0.9892857142857143,0.954
TOI-530 b,9.30345398,127.1313628,6.387597,0.052,565.0,0.0,3659.0,0.54,0.53,0.376,0.42486041748495024,0.6960628417124757,1.0
TOI-5300 b,9.86390302,190.6970442,2.262196,0.0295,1043.0,0.0,4610.0,0.65,0.67,-0.17,0.3447417255703102,0.8099069726036543,1.0
TOI-5319 b,2.83,32.295,4.07853,0.0506,695.0,0.046,3580.0,0.485,0.5,0.06,0.6073799341726421,0.6807628394869398,0.954
TOI-532 b,5.82,61.5,2.3266508,0.0296,867.0,0.0,3927.0,0.612,0.639,0.338,0.5305099028855366,0.7502655806051973,1.0
TOI-5322 b,16.6117094,184.02264765,5.4233207,0.0604,1350.0,0.055,5692.0,1.462,0.998,-0.048,0.2374576840072604,0.9930956461101343,0.945
TOI-5344 b,10.60369574,130.94530368,3.792622,0.04041,689.0,0.054,3747.0,0.588,0.612,0.425,0.38680510077086677,0.7285582608179586,0.946
TOI-5386 A b,14.70618268,155.10026262,3.62156552,0.04856,1488.0,0.072,6094.0,1.245,1.165,0.182,0.2958495615236379,0.9244870139986201,0.928
TOI-5388.01,0.99,2.2,2.5946748,0.06,488.0,0.046,3440.0,0.3,0.292,-0.36,0.7672561236275977,0.6044009970400375,0.954
TOI-5398 b,10.3,58.7,10.590547,0.098,947.0,0.13,6000.0,1.051,1.146,0.09,0.45779425144893776,0.9373815829494285,0.87
TOI-5398 c,3.52,11.8,4.77271,0.057,1242.0,0.14,6000.0,1.051,1.146,0.09,0.6144782854043093,0.9373815829494285,0.86
TOI-540 b,0.903,32.295,1.2391491,0.01223,611.0,0.0,3216.0,0.1895,0.159,0.06,0.636496350474688,0.5457716674456041,1.0
TOI-544 b,2.018,2.89,1.548352,0.0225,999.0,0.0,4169.0,0.623,0.631,-0.17,0.6478394286207222,0.7653595353081255,1.0
TOI-5489 b,1.4,32.295,3.15222,0.06,624.0,0.046,3547.0,0.42,0.41,0.06,0.6314055979417855,0.6497316374750555,0.954
TOI-5489 c,1.28,32.295,4.92126,0.06,536.0,0.046,3547.0,0.42,0.41,0.06,0.6797180338550729,0.6497316374750555,0.954
TOI-5573 b,9.75,112.0,8.79758977,0.0712,528.0,0.072,3790.0,0.594,0.619,0.42,0.473981590620743,0.7339188347094563,0.928
TOI-5592 b,17.14974047,285.72773789,2.6085846,0.03935,1789.0,0.062,6237.0,1.393,1.194,-0.013,0.13566451285719547,0.9048403548987752,0.938
TOI-561 c,2.865,5.93,10.778838,0.0889,802.0,0.023,5300.0,0.843,0.806,0.06,0.6308364055751586,0.9034555152486294,0.977
TOI-5704 b,3.2274,32.295,3.771116,0.06,949.07,0.046,4590.0,0.7575,0.73,0.428,0.6007031518077067,0.8275332161217813,0.954
TOI-5720 b,1.09,4.3,1.4344555,0.018288,708.0,0.046,3325.0,0.383,0.383,0.03,0.6621450079994512,0.6249630931980208,0.954
TOI-5726.01,2.554,32.295,5.491125215,0.062186,867.5,0.046,5874.0,1.106,1.06,0.06,0.6120170552917216,0.9739189459862462,0.954
TOI-5728 b,1.31,32.295,11.49761,0.06,382.0,0.046,3419.0,0.37,0.36,-0.12,0.8574547396915659,0.6244988835228749,0.954
TOI-5736 b,1.56,32.295,0.64899,0.06,1311.0,0.046,3949.0,0.58,0.57,0.06,0.6287174117857974,0.7299225142619752,0.954
TOI-5786 b,8.54,73.0,12.779107,0.114,1040.0,0.046,6235.0,1.36,1.23,0.08,0.4743228986954273,0.8935357458141381,0.954
TOI-5788 b,1.528,3.72,6.340758,0.064,910.0,0.061,5615.0,0.87,0.87,-0.32,0.6553150503045835,0.9467709330187909,0.9390000000000001
TOI-5788 c,2.272,6.4,16.213362,0.1197,667.0,0.046,5615.0,0.87,0.87,-0.32,0.6403708620737889,0.9467709330187909,0.954
TOI-5789 c,2.86,5.0,12.927748,0.1009,718.0,0.067,5185.0,0.833,0.821,-0.12,0.6317685584160664,0.899844583416791,0.933
TOI-5799 b,1.733,32.295,4.164507,0.0348,505.0,0.046,3452.0,0.321,0.325,0.01,0.7079867364305613,0.6157718158146575,0.954
TOI-5799 c,1.76,32.295,14.010449,0.0782,337.0,0.046,3452.0,0.321,0.325,0.01,0.9019775494611828,0.6157718158146575,0.954
TOI-5803 b,3.2732,32.295,5.38305,0.06,678.87,0.046,5134.0,0.7625,0.87,0.06,0.5999336585205551,0.91171262398089,0.954
TOI-6000 b,0.94,32.295,0.448959,0.06,1120.0,0.046,3419.0,0.38,0.37,0.06,0.6371179935232602,0.627679545100483,0.954
TOI-6002 b,1.65,32.295,10.904821,0.05722,321.4,0.15,3229.0,0.2432,0.2101,-0.18,0.9218812329989801,0.562972369973071,0.85
TOI-6008 b,1.03,4.0,0.8574347,0.010777,707.0,0.046,3075.0,0.242,0.23,0.3,0.6634266736219897,0.5580773967165928,0.954
TOI-6034 b,11.92,254.0,2.576184,0.02949,714.0,0.04,3635.0,0.489,0.514,-0.09,0.2524654916776157,0.6892245120512763,0.96
TOI-6038 A b,6.41,78.5,5.8267311,0.069,1439.0,0.046,6110.0,1.648,1.291,0.124,0.5050934536395649,0.8832444973627401,0.954
TOI-6054.01,2.64,12.5,7.501428,0.0763,1360.0,0.164,6047.0,1.662,1.107,-0.07,0.6286249190294769,0.9463605071254237,0.836
TOI-6086 b,1.18,32.295,1.3888725,0.01541,634.0,0.046,3200.0,0.259,0.254,0.11,0.6351018539062692,0.574821771674864,0.954
TOI-6109 b,4.8704,32.295,5.690476,0.0599,867.5,0.046,5660.0,1.021,1.03,0.06,0.5730988402184043,0.9818574321767966,0.954
TOI-6109 c,4.8326,32.295,8.538878,0.0786,867.5,0.046,5660.0,1.021,1.03,0.06,0.5737339241977565,0.9818574321767966,0.954
TOI-6130 b,14.3474953,333.71982735,2.392679,0.036,1750.0,0.036,6110.0,1.51,1.31,0.28,0.1389773761104208,0.8772012403652847,0.964
TOI-6223 b,5.07,32.295,3.855219,0.04018,714.0,0.046,3895.0,0.576,0.582,-0.12,0.5697453279888092,0.7298034480967959,0.954
TOI-6255 b,1.079,1.44,0.23818244,0.06,867.5,0.0,3421.0,0.37,0.353,-0.14,0.6649381008915513,0.6224181930133014,1.0
TOI-6324 b,1.059,1.17,0.279221,0.06,1216.0,0.0,3247.0,0.293,0.269,-0.32,0.6655203603936884,0.5830184200179527,1.0
TOI-6383 A b,11.29,331.0,1.79058695,0.02292,745.0,0.05,3444.0,0.457,0.458,0.06,0.19282729906246857,0.657491524417837,0.95
TOI-654.01,2.378,8.71,1.527561,0.01944,794.0,0.0,3521.0,0.43,0.419,0.12,0.6364832509773163,0.6506991891631244,1.0
TOI-663 b,2.27,4.45,2.598902,0.0295,674.0,0.046,3681.0,0.512,0.514,0.07,0.6421828371920176,0.6925772817305766,0.954
TOI-663 c,2.26,3.65,4.6955507,0.0437,553.0,0.046,3681.0,0.512,0.514,0.07,0.6697008080345852,0.6925772817305766,0.954
TOI-663 d,1.92,5.2,7.1027268,0.0576,482.0,0.046,3681.0,0.512,0.514,0.07,0.7561755511694305,0.6925772817305766,0.954
TOI-6651 b,5.09,61.0,5.056973,0.0633,1493.0,0.091,5940.0,1.721,1.323,0.225,0.543230745245637,0.8854570508683299,0.909
TOI-669 b,2.58606487,10.0,3.945152,0.048,1124.85,0.0,5597.0,0.9882,0.9245,0.001,0.6318110570826726,0.9627935852639856,1.0
TOI-674 b,5.25,23.6,1.977143,0.025,635.0,0.0,3514.0,0.42,0.42,0.17,0.5746508372403333,0.6505070512392526,1.0
TOI-682.01,3.74186,32.295,6.8392388,0.06,1090.0,0.046,5085.0,1.08,0.8894500000000001,0.06,0.5920596252463967,0.9143275821779093,0.954
TOI-6894 b,9.5836785,53.39517238,3.37077196,0.02604,417.9,0.029,3007.0,0.2276,0.207,0.142,0.6576533259523237,0.5458056068665198,0.971
TOI-700 b,0.914,32.295,9.977219,0.0677,867.5,0.075,3459.0,0.421,0.415,-0.07,0.6366811632729121,0.6449079740947633,0.925
TOI-700 c,2.6,32.295,16.051137,0.0929,867.5,0.068,3459.0,0.421,0.415,-0.07,0.611244201771875,0.6449079740947633,0.9319999999999999
TOI-7149 b,13.2,224.0,2.65206166,0.02603,593.0,0.078,3363.0,0.351,0.344,-0.08,0.2583195838340035,0.6153281923456406,0.922
TOI-715 b,1.55,32.295,19.288004,0.083,234.0,0.046,3075.0,0.24,0.225,-0.25,0.89971875675388,0.5564870659277887,0.954
TOI-7166 b,2.01,32.295,12.92063621,0.06191,249.0,0.0,3099.0,0.222,0.19,-0.2,0.9093513326665255,0.5471040215431865,1.0
TOI-733 b,1.992,5.72,4.884765,0.0618,1055.8,0.046,5585.0,0.949,0.956,-0.04,0.6456953383585987,0.9719380336649381,0.954
TOI-7510 b,7.31,18.1,11.530869,0.1019,878.0,0.0572,5720.0,1.035,1.063,0.25,0.5450563637394404,0.9757344268132553,0.9428
TOI-756 b,2.81,9.83,1.2392495,0.018,934.0,0.0,3657.0,0.505,0.505,0.196,0.6282037239837216,0.687965415173703,1.0
TOI-762 A b,8.33948164,79.77493016,3.4716826,0.03418,555.4,0.083,3266.0,0.425,0.442,0.357,0.4953557912600733,0.6394287049607192,0.917
TOI-763 b,2.28,9.79,5.6057,0.06,1038.0,0.04,5450.0,0.897,0.917,0.01,0.6371448200673044,0.9496938033664939,0.96
TOI-763 c,2.63,9.32,12.2737,0.1011,800.0,0.04,5450.0,0.897,0.917,0.01,0.6316930462930811,0.9496938033664939,0.96
TOI-771 b,1.36,2.47,2.3260155,0.0208,543.0,0.055,3370.0,0.232,0.22,-0.13,0.6974720727713276,0.5763981928649322,0.945
TOI-776 b,1.798,5.0,8.24662,0.0653,520.0,0.052,3725.0,0.547,0.542,-0.21,0.714426208841252,0.7046901312324275,0.948
TOI-776 c,2.047,6.9,15.665323,0.1001,420.0,0.089,3725.0,0.547,0.542,-0.21,0.8242506863877979,0.7046901312324275,0.911
TOI-784 b,1.93,9.67,2.7970365,0.038,867.5,0.0,5558.0,0.907,0.91,-0.13,0.6431346656091456,0.9553390603787862,1.0
TOI-824 b,2.926,18.467,1.392978,0.02177,1253.0,0.046,4600.0,0.695,0.71,-0.092,0.6183779655343344,0.821900755940326,0.954
TOI-833 b,1.27,32.295,1.0418777,0.0171,1118.0,0.046,3920.0,0.6,0.61,0.06,0.633589749193526,0.7405314579485012,0.954
TOI-836 b,1.704,4.53,3.81673,0.0422,871.0,0.053,4552.0,0.665,0.678,-0.284,0.6516193368350808,0.8082240966179275,0.947
TOI-836.01,2.587,9.6,8.59545,0.075,665.0,0.078,4552.0,0.665,0.678,-0.284,0.6321601402293963,0.8082240966179275,0.922
TOI-837 b,9.16894621,120.45696625,8.3249113,0.0888,995.3,0.046,5995.0,1.052,1.142,0.01,0.4204757795603616,0.9390182790673521,0.954
TOI-849 b,3.64,41.8,0.765548,0.0155,867.5,0.0,5257.0,0.97,0.97,0.06,0.585102564383026,0.952484254334231,1.0
TOI-858 B b,14.06727078,349.6112477,3.2797178,0.04435,1529.0,0.15,5842.0,1.308,1.081,0.153,0.129192720457435,0.9695719181893041,0.85
TOI-871 b,1.664,32.295,14.362565,0.1054,621.0,0.046,4929.0,0.719,0.758,-0.07,0.6269700907844052,0.8611475233495798,0.954
TOI-880 c,4.95,32.295,6.3872703,0.0635,805.0,0.046,5050.0,0.83,0.87,0.23,0.5717614676058003,0.9055901750012982,0.954
TOI-880.02,2.19,32.295,2.57571,0.0349,1085.0,0.046,5050.0,0.83,0.87,0.23,0.6181326787965945,0.9055901750012982,0.954
TOI-892 b,11.99363,301.9385,10.62656,0.092,1397.0,0.125,6261.0,1.39,1.28,0.24,0.20750917890596818,0.875737394194319,0.875
TOI-904 b,2.426,32.295,10.8772,0.056,429.43,0.046,3770.2,0.527,0.557,0.022,0.7838088079202157,0.7127555842402391,0.954
TOI-905 b,13.125739,211.99261,3.739494,0.04666,1192.0,0.024,5570.0,0.918,0.968,0.14,0.27051782717341777,0.9746615330974264,0.976
TOI-908 b,3.186,16.137,3.183792,0.041657,1317.0,0.132,5626.0,1.028,0.95,0.08,0.6161345905199206,0.9730179749107931,0.868
TOI-913 b,2.4528,32.295,11.098644,0.06,712.01,0.046,4969.0,0.7325,0.82,-0.133,0.613717333035384,0.883783077025794,0.954
TOI-969 b,2.765,9.1,1.8237305,0.02636,941.0,0.046,4435.0,0.671,0.734,0.175,0.6296255261542644,0.81750810465953,0.954
WASP-108 b,15.13212395,32.295,5.799258200000001,0.06,1589.0,0.046,5300.0,0.87,0.8894500000000001,0.06,0.4006899385998966,0.9299981361137695,0.954
WASP-126 c,3.2816,64.2,7.63,0.06,867.5,0.05,5800.0,1.27,1.12,0.06,0.570695613923901,0.9602285625264282,0.95
WASP-132 c,1.841,6.26,1.01153624,0.01833,1329.0,0.0,4686.0,0.758,0.789,0.15,0.6477398415780352,0.8532962039777743,1.0
WASP-18 c,3.2816,55.2,2.1558,0.035,867.5,0.015,6400.0,1.23,1.22,0.06,0.5789034883451887,0.8846901683246908,0.985
WASP-84 c,1.95,15.2,1.4468849,0.02359,1329.0,0.046,5300.0,0.768,0.853,0.06,0.6377553595007891,0.9184046246633877,0.954
Wolf 327 b,1.24,2.53,0.5734745,0.01,996.0,0.0,3542.0,0.406,0.405,-0.17,0.6612390487810657,0.647776875199371,1.0
pi Men c,3.2816,32.295,5.799258200000001,0.06,867.5,0.046,5300.0,0.87,0.8894500000000001,0.06,0.5997925287473659,0.9299981361137695,0.954
