model,test_accuracy,test_precision,test_recall,test_f1,test_roc_auc,train_accuracy,train_f1,train_recall,train_roc_auc,f1_diff_train_minus_test
xgboost,1.0,1.0,1.0,1.0,1.0,0.9997950819672131,0.9777777777777777,1.0,1.0,-0.022222222222222254
final_model,1.0,1.0,1.0,1.0,1.0,0.9997950819672131,0.9777777777777777,1.0,1.0,-0.022222222222222254
xgboost_best,1.0,1.0,1.0,1.0,1.0,1.0,1.0,1.0,1.0,0.0
XGBoost_final,1.0,1.0,1.0,1.0,1.0,0.9997950819672131,0.9777777777777777,1.0,1.0,-0.022222222222222254
XGBoost_pipeline,1.0,1.0,1.0,1.0,1.0,0.9997950819672131,0.9777777777777777,1.0,1.0,-0.022222222222222254
random_forest_best,0.9991803278688525,0.8333333333333334,1.0,0.9090909090909091,0.999835390946502,1.0,1.0,1.0,1.0,0.09090909090909094
random_forest_refined,0.9991803278688525,0.8333333333333334,1.0,0.9090909090909091,0.999835390946502,1.0,1.0,1.0,1.0,0.09090909090909094
random_forest,0.9959016393442623,0.0,0.0,0.0,0.9998353909465021,1.0,1.0,1.0,1.0,1.0
RandomForest_pipeline,0.9959016393442623,0.0,0.0,0.0,0.9998353909465021,1.0,1.0,1.0,1.0,1.0
